id_pemda,nama_pemda,apbd_pra,apbd_pasca,trd_pra,trd_pasca,pad_pra,pad_pasca,totbl_covid,pad_transfer_pra,pad_transfer_pasca,pad_apbd_pra,pad_apbd_pasca
990015,Provinsi Aceh,#N/A,#N/A,#N/A,#N/A,#N/A,#N/A,#N/A,#N/A,#N/A,#N/A,#N/A
990078,Kab. Aceh Barat,#N/A,#N/A,#N/A,#N/A,#N/A,#N/A,#N/A,#N/A,#N/A,#N/A,#N/A
990022,Kab. Aceh Besar,#N/A,#N/A,#N/A,#N/A,#N/A,#N/A,#N/A,#N/A,#N/A,#N/A,#N/A
990061,Kab. Aceh Selatan,#N/A,#N/A,#N/A,#N/A,#N/A,#N/A,#N/A,#N/A,#N/A,#N/A,#N/A
980007,Kab. Aceh Singkil,#N/A,#N/A,#N/A,#N/A,#N/A,#N/A,#N/A,#N/A,#N/A,#N/A,#N/A
990082,Kab. Aceh Tengah,#N/A,#N/A,#N/A,#N/A,#N/A,#N/A,#N/A,#N/A,#N/A,#N/A,#N/A
990099,Kab. Aceh Tenggara,#N/A,#N/A,#N/A,#N/A,#N/A,#N/A,#N/A,#N/A,#N/A,#N/A,#N/A
990057,Kab. Aceh Timur,#N/A,#N/A,#N/A,#N/A,#N/A,#N/A,#N/A,#N/A,#N/A,#N/A,#N/A
990040,Kab. Aceh Utara,#N/A,#N/A,#N/A,#N/A,#N/A,#N/A,#N/A,#N/A,#N/A,#N/A,#N/A
980053,Kab. Bireuen,#N/A,#N/A,#N/A,#N/A,#N/A,#N/A,#N/A,#N/A,#N/A,#N/A,#N/A
990036,Kab. Pidie,2.25229E+12,0,0,0,0,0,0,#DIV/0!,#DIV/0!,0,#DIV/0!
993372,Kab. Simeulue,#N/A,#N/A,#N/A,#N/A,#N/A,#N/A,#N/A,#N/A,#N/A,#N/A,#N/A
990104,Kota Banda Aceh,#N/A,#N/A,#N/A,#N/A,#N/A,#N/A,#N/A,#N/A,#N/A,#N/A,#N/A
990111,Kota Sabang,7.90604E+11,6.22373E+11,4.87034E+11,4.00889E+11,61735621334,46101913899,29233183935,0.126758228,0.114999212,0.07808668,0.074074364
994672,Kota Langsa,9.65962E+11,0,0,0,0,0,0,#DIV/0!,#DIV/0!,0,#DIV/0!
994686,Kota Lhokseumawe,9.33928E+11,7.3208E+11,6.78264E+11,6.23549E+11,67223805350,67381305350,13428574123,0.099111537,0.10806091,0.071979608,0.092040917
997430,Kab. Gayo Lues,1.0255E+12,7.39725E+11,7.4489E+11,6.5653E+11,54102613000,49621638000,0,0.072631681,0.0755817,0.052757316,0.067081185
997426,Kab. Aceh Barat Daya,1.13901E+12,7.96261E+11,6.19798E+11,5.10394E+11,94698663624,94698663624,55934313000,0.152789509,0.185540193,0.083141519,0.11892913
997447,Kab. Aceh Jaya,1.0024E+12,6.72817E+11,7.48232E+11,6.60276E+11,83120597894,80368235691,24351349499,0.111089286,0.121719173,0.082921318,0.119450356
997451,Kab. Nagan Raya,1.29448E+12,8.69732E+11,9.33686E+11,8.18612E+11,89412809632,89362809632,47394166505,0.095763274,0.109163776,0.069072273,0.102747528
997468,Kab. Aceh Tamiang,1.37111E+12,9.50038E+11,1.14155E+12,9.92446E+11,1.3973E+11,1.24707E+11,23908994788,0.122403957,0.12565661,0.101910176,0.131265801
987532,Kab. Bener Meriah,1.04461E+12,7.16915E+11,8.16492E+11,7.48939E+11,1.02961E+11,98774550041,9152374137,0.12610115,0.13188594,0.098563604,0.13777724
963311,Kab. Pidie Jaya,#N/A,#N/A,#N/A,#N/A,#N/A,#N/A,#N/A,#N/A,#N/A,#N/A,#N/A
963327,Kota Subulussalam,7.61884E+11,5.73493E+11,5.44322E+11,4.6615E+11,66942889328,59942889328,35107148724,0.122984018,0.128591293,0.087864972,0.104522426
990125,Provinsi Sumatera Utara,#N/A,#N/A,#N/A,#N/A,#N/A,#N/A,#N/A,#N/A,#N/A,#N/A,#N/A
990221,Kab. Asahan,1.77155E+12,1.63602E+12,1.49273E+12,1.31043E+12,1.51619E+11,1.27462E+11,84705432610,0.101571124,0.097266607,0.085585132,0.077909291
990192,Kab. Dairi,1.22578E+12,1.0926E+12,9.86304E+11,8.48256E+11,86927335000,70591201000,53839905470,0.088134455,0.083219227,0.07091596,0.064608227
990132,Kab. Deli Serdang,3.99648E+12,3.97848E+12,2.41879E+12,2.41879E+12,1.17995E+12,1.17995E+12,1.49347E+11,0.487826136,0.487826136,0.295247066,0.296582864
990146,Kab. Karo,1.37911E+12,1.29777E+12,1.20128E+12,1.0549E+12,1.03841E+11,84376203072,38708970341,0.08644177,0.07998507,0.075295524,0.06501655
990188,Kab. Labuhanbatu,1.49015E+12,1.39713E+12,1.0112E+12,8.99892E+11,2.33229E+11,2.33229E+11,27757355250,0.23064557,0.259174611,0.156513837,0.166934151
990150,Kab. Langkat,1.94104E+12,0,0,0,0,0,0,#DIV/0!,#DIV/0!,0,#DIV/0!
941915,Kab. Mandailing Natal,1.69418E+12,0,0,0,0,0,0,#DIV/0!,#DIV/0!,0,#DIV/0!
990235,Kab. Nias,8.63788E+11,9.22001E+11,8.15095E+11,7.16393E+11,88468900000,86617300000,12000000000,0.108538148,0.120907535,0.102419643,0.093944934
990171,Kab. Simalungun,2.22562E+12,2.20756E+12,2.0404E+12,1.81902E+12,1.74463E+11,1.3168E+11,1.14447E+11,0.085504371,0.072390266,0.078388384,0.059649292
990214,Kab. Tapanuli Selatan,1.56524E+12,1.32154E+12,1.23169E+12,1.05682E+12,1.65382E+11,1.36755E+11,23128962500,0.134272507,0.129402044,0.10565957,0.103481588
990167,Kab. Tapanuli Tengah,1.45213E+12,1.40166E+12,1.06772E+12,9.84862E+11,1.13788E+11,1.09136E+11,24131477027,0.106571732,0.110813195,0.078359568,0.077861665
990200,Kab. Tapanuli Utara,1.43924E+12,1.21008E+12,1.14231E+12,1.0011E+12,1.49834E+11,95793851339,36257819740,0.131166995,0.095688823,0.104106038,0.079162932
941922,Kab. Toba Samosir,1.20059E+12,1.05268E+12,9.94596E+11,8.7241E+11,60503708000,50666966400,7612322700,0.060832463,0.058077021,0.050394797,0.048131382
990260,Kota Binjai,9.84389E+11,8.26483E+11,7.36175E+11,6.70502E+11,1.51261E+11,91966224986,45949293000,0.205469242,0.137160254,0.153660148,0.111274238
990242,Kota Medan,6.19822E+12,4.98676E+12,2.32239E+12,2.06604E+12,2.63594E+12,1.67475E+12,5E+11,1.1350145,0.81060927,0.42527387,0.33583991
990277,Kota Pematang Siantar,1.05266E+12,9.72724E+11,8.36667E+11,7.65867E+11,1.18949E+11,1.16681E+11,56022991466,0.142170329,0.152351824,0.112998662,0.119953096
990298,Kota Sibolga,7.24126E+11,6.45651E+11,5.57964E+11,4.99311E+11,1.2307E+11,1.21932E+11,0,0.220569669,0.244200773,0.169956554,0.188851593
990281,Kota Tanjung Balai,7.4612E+11,5.34142E+11,5.43694E+11,4.88404E+11,87102141086,43551070543,16135400000,0.160204251,0.089170207,0.116740132,0.081534558
990256,Kota Tebing Tinggi,6.56653E+11,6.71307E+11,4.36523E+11,4.86799E+11,1.19403E+11,1.17461E+11,28916683268,0.273531744,0.241292726,0.181835495,0.174973664
994690,Kota Padang Sidempuan,8.87015E+11,7.24067E+11,7.53407E+11,6.669E+11,92821680442,76217368628,56000000000,0.123202642,0.114286062,0.104645036,0.105262823
998147,Kab. Pakpak Bharat,5.82577E+11,5.15613E+11,5.19517E+11,4.36167E+11,22677591706,20816191706,21826425552,0.043651317,0.047725229,0.03892634,0.040371735
998130,Kab. Nias Selatan,1.71704E+12,1.58789E+12,1.41357E+12,1.31331E+12,31079236300,12079236300,12273006600,0.021986359,0.009197544,0.01810045,0.007607107
998151,Kab. Humbang Hasundutan,1.12453E+12,9.68268E+11,9.13415E+11,7.9687E+11,70130037834,57339466904,50879649447,0.076777806,0.071955836,0.062363668,0.059218597
987418,Kab. Serdang Bedagai,1.66585E+12,0,0,0,0,0,0,#DIV/0!,#DIV/0!,0,#DIV/0!
987528,Kab. Samosir,9.41456E+11,8.04305E+11,8.11888E+11,6.72844E+11,71993820280,49068947078,0,0.088674624,0.072927651,0.076470718,0.061007893
963333,Kab. Batu Bara,1.36841E+12,1.23727E+12,1.03139E+12,9.0833E+11,1.75914E+11,1.61417E+11,0,0.170559776,0.177707657,0.128553708,0.130462399
975013,Kab. Padang Lawas,1.20503E+12,0,0,0,0,0,0,#DIV/0!,#DIV/0!,0,#DIV/0!
975163,Kab. Padang Lawas Utara,1.28643E+12,1.1174E+12,1.11903E+12,9.84317E+11,59455282526,46008553245,8003426000,0.053131053,0.046741582,0.046217147,0.041174627
977267,Kab. Labuhanbatu Selatan,1.04801E+12,0,0,0,0,0,0,#DIV/0!,#DIV/0!,0,#DIV/0!
977117,Kab. Labuhanbatu Utara,1.10552E+12,9.69403E+11,8.40018E+11,7.25186E+11,59788488256,55241083256,40662090632,0.071175256,0.076175044,0.054081941,0.056984615
978536,Kab. Nias Utara,9.62926E+11,8.71196E+11,7.64972E+11,6.63577E+11,1.46229E+11,1.58797E+11,27990090000,0.191155432,0.239304281,0.151858574,0.182274461
978397,Kab. Nias Barat,7.93692E+11,6.44486E+11,6.69827E+11,5.77711E+11,23000000000,16942258648,22780445000,0.034337247,0.029326516,0.028978511,0.026288011
978401,Kota Gunungsitoli,7.90396E+11,7.11359E+11,6.79797E+11,6.15238E+11,36896811787,26498765650,15097302908,0.05427619,0.04307077,0.046681449,0.037250879
990303,Provinsi Sumatera Barat,#N/A,#N/A,#N/A,#N/A,#N/A,#N/A,#N/A,#N/A,#N/A,#N/A,#N/A
990331,Kab. Limapuluh Kota,1.45771E+12,0,0,0,0,0,0,#DIV/0!,#DIV/0!,0,#DIV/0!
990310,Kab. Agam,1.56201E+12,1.16502E+12,1.19886E+11,1.0365E+12,1.25059E+11,1.10475E+11,39677233036,1.043156257,0.106584257,0.080063025,0.094826289
980060,Kab. Kepulauan Mentawai,1.01943E+12,8.17376E+11,8.67726E+11,7.10787E+11,50316759,17982600000,0,5.79869E-05,0.025299573,4.93576E-05,0.022000405
990352,Kab. Padang Pariaman,1.50938E+12,1.41182E+12,1.24206E+12,1.0758E+12,1.09467E+11,86478132000,34186886207,0.088133677,0.080384651,0.072524676,0.061252899
990324,Kab. Pasaman,1.11694E+12,1.03344E+12,9.15187E+11,8.31343E+11,95921682395,86882651408,0,0.104811034,0.104508788,0.085879096,0.08407128
990366,Kab. Pesisir Selatan,1.86283E+12,1.68035E+12,1.44518E+12,1.26566E+12,1.5642E+11,1.5642E+11,46093391519,0.108235419,0.123587639,0.08396871,0.093087398
990387,Kab. Sijunjung,1.06448E+12,9.26265E+11,8.60813E+11,7.55515E+11,81239619854,58785768475,56621649371,0.094375468,0.077808865,0.076318635,0.06346542
990345,Kab. Solok,1.26252E+12,1.12059E+12,1.05109E+12,9.32601E+11,75296758346,75021832448,35000000000,0.071636629,0.080443632,0.05963984,0.066948657
990370,Kab. Tanah Datar,1.45845E+12,1.25969E+12,1.12827E+12,9.98544E+11,1.65E+11,1.48231E+11,55070621371,0.146241666,0.148447496,0.113134071,0.117673158
990391,Kota Bukit Tinggi,9.96015E+11,8.11715E+11,6.15596E+11,5.5886E+11,1.51438E+11,61998684857,69504064954,0.246002333,0.110937709,0.152043771,0.076379839
990409,Kota Padang Panjang,6.4452E+11,5.51415E+11,4.69902E+11,4.17016E+11,97543849569,76911999036,19100000000,0.207583547,0.184434345,0.151343508,0.139481052
990434,Kota Padang,2.78721E+12,2.24738E+12,1.54222E+12,1.40502E+12,8.81996E+11,6.5E+11,1.65862E+11,0.571900148,0.462626845,0.316444377,0.289225477
990441,Kota Payakumbuh,8.43103E+11,6.87057E+11,5.79307E+11,5.08886E+11,1.1225E+11,89646405421,39134915581,0.193766134,0.176162206,0.133139288,0.13047887
990420,Kota Sawahlunto,6.84681E+11,5.41631E+11,5.08875E+11,4.52034E+11,61765678778,52454669750,43888442553,0.121377026,0.116041462,0.090210905,0.096845794
990413,Kota Solok,6.89039E+11,5.60077E+11,5.28576E+11,4.65361E+11,46000000000,23000000000,27329772639,0.087026234,0.049423977,0.066759614,0.041065771
997611,Kota Pariaman,7.90967E+11,6.10745E+11,5.53985E+11,4.84377E+11,58856455798,58856455798,71219523525,0.106242039,0.121509524,0.074410718,0.096368273
987595,Kab. Pasaman Barat,1.34621E+12,1.15656E+12,1.07066E+12,9.42319E+11,1.42979E+11,83178541136,0,0.133542823,0.088270047,0.10620816,0.071918777
987574,Kab. Dharmasraya,1.10422E+12,9.49365E+11,8.03021E+11,7.19058E+11,1.04794E+11,78242243450,30385863878,0.130499967,0.108812193,0.094902936,0.082415374
987581,Kab. Solok Selatan,9.57075E+11,7.86515E+11,7.99475E+11,6.85073E+11,70918707162,54959747021,55130398060,0.088706576,0.080224609,0.07409939,0.069877582
990455,Provinsi Riau,#N/A,#N/A,#N/A,#N/A,#N/A,#N/A,#N/A,#N/A,#N/A,#N/A,#N/A
990476,Kab. Bengkalis,3.82052E+12,0,0,0,0,0,0,#DIV/0!,#DIV/0!,0,#DIV/0!
990502,Kab. Indragiri Hilir,2.38722E+12,0,0,0,0,0,0,#DIV/0!,#DIV/0!,0,#DIV/0!
990497,Kab. Indragiri Hulu,1.49803E+12,1.31764E+12,1.08451E+12,9.68799E+11,1.16376E+11,1.07175E+11,85000940600,0.107307475,0.110627056,0.077686303,0.081338919
990462,Kab. Kampar,2.76582E+12,0,0,0,0,0,0,#DIV/0!,#DIV/0!,0,#DIV/0!
980138,Kab. Kuantan Singingi,1.41607E+12,0,0,0,0,0,0,#DIV/0!,#DIV/0!,0,#DIV/0!
980074,Kab. Pelalawan,1.53505E+12,0,0,0,0,0,0,#DIV/0!,#DIV/0!,0,#DIV/0!
980095,Kab. Rokan Hilir,2.144E+12,0,0,0,0,0,0,#DIV/0!,#DIV/0!,0,#DIV/0!
980081,Kab. Rokan Hulu,1.47116E+12,1.47709E+12,1.47702E+12,1.24936E+12,1.44596E+11,1.44596E+11,45342467504,0.097897296,0.115735731,0.098287073,0.097892384
980100,Kab. Siak,2.26754E+12,3.30701E+12,1.94186E+12,1.5544E+12,2.40089E+11,2.25502E+11,2.20638E+11,0.123638596,0.145072785,0.105880531,0.068189027
980142,Kota Dumai,1.43427E+12,0,0,0,0,0,0,#DIV/0!,#DIV/0!,0,#DIV/0!
990519,Kota Pekanbaru,2.61379E+12,2.0851E+12,1.41672E+12,1.22977E+12,9.94102E+11,6.39655E+11,1.1123E+11,0.701690565,0.520141089,0.380329373,0.306774275
978417,Kab. Kepulauan Meranti,1.40607E+12,1.07276E+12,1.04138E+12,8.40653E+11,1.0578E+11,97823694782,86397412800,0.101576887,0.116366271,0.075230973,0.091189107
990530,Provinsi Jambi,#N/A,#N/A,#N/A,#N/A,#N/A,#N/A,#N/A,#N/A,#N/A,#N/A,#N/A
990544,Kab. Batang Hari,1.49853E+12,9.39624E+11,1.05015E+12,8.82654E+11,1.64579E+11,1.19664E+11,0,0.156719289,0.135573346,0.109827344,0.127353339
990565,Kab. Bungo,1.84575E+12,1.70158E+12,9.42199E+11,7.95996E+11,1.5325E+11,1.50145E+11,1.64989E+11,0.162651428,0.188625332,0.083028648,0.088238827
990586,Kab. Kerinci,1.43755E+12,9.50636E+11,9.23025E+11,7.86519E+11,1.08191E+11,98595066000,26635950995,0.117213394,0.125356235,0.075260377,0.103714892
990572,Kab. Merangin,1.67593E+12,1.47222E+12,1.25444E+12,1.09268E+12,95221421001,77287518942,27717400349,0.075907394,0.070731802,0.056817215,0.052497218
980184,Kab. Muaro Jambi,1.58273E+12,1.11994E+12,1.11706E+12,9.53765E+11,99627400401,84264028066,86110803273,0.089186758,0.088348794,0.062946501,0.075239569
980163,Kab. Sarolangun,1.35601E+12,1.20564E+12,1.07413E+12,9.46929E+11,95428341000,92785966000,23896655000,0.088842791,0.097986169,0.070374472,0.076960116
990551,Kab. Tanjung Jabung Barat,1.57718E+12,1.42433E+12,1.30719E+12,1.0666E+12,1.04105E+11,95433707670,1.01999E+11,0.079640196,0.089474453,0.066006893,0.067002338
980522,Kab. Tanjung Jabung Timur,1.26279E+12,9.84174E+11,9.76097E+11,7.70899E+11,52166378761,50197691473,59214060000,0.053443854,0.065115805,0.041310366,0.0510049
980170,Kab. Tebo,1.20586E+12,1.07757E+12,9.81743E+11,8.57101E+11,77125467881,77125467881,0,0.078559746,0.089984123,0.063958798,0.071573567
990590,Kota Jambi,2.21268E+12,2.08507E+12,1.12686E+12,1.01813E+12,4.03484E+11,3.69594E+11,58211923000,0.358059446,0.363011987,0.182350873,0.177257783
977562,Kota Sungai Penuh,8.47033E+11,7.38152E+11,6.42019E+11,5.58588E+11,48174184049,24720371496,0,0.075035408,0.044255144,0.056874004,0.033489526
990608,Provinsi Sumatera Selatan,#N/A,#N/A,#N/A,#N/A,#N/A,#N/A,#N/A,#N/A,#N/A,#N/A,#N/A
990661,Kab. Lahat,2.04384E+12,1.55216E+12,1.69445E+12,1.44144E+12,1.19671E+11,1.03071E+11,1.23997E+11,0.070625343,0.071505495,0.058551962,0.066404759
990633,Kab. Musi Banyuasin,3.46551E+12,2.08006E+12,2.61409E+12,2.18716E+12,3.38793E+11,1.04871E+11,3.03878E+11,0.1296026,0.047948613,0.097761244,0.050417532
990675,Kab. Musi Rawas,1.71513E+12,1.64431E+12,1.22462E+12,1.11331E+12,1.54245E+11,1.77557E+11,87174508880,0.125953364,0.15948579,0.089931511,0.1079823
990654,Kab. Muara Enim,2.67487E+12,2.61144E+12,2.27415E+12,1.88326E+12,2.51892E+11,2.22033E+11,98530137420,0.11076346,0.117898343,0.094169885,0.085023195
990682,Kab. Ogan Komering Ilir,2.64694E+12,2.0495E+12,1.57927E+12,1.35472E+12,2.90304E+11,2.85304E+11,92190400000,0.183821039,0.210600113,0.109675365,0.139206713
990640,Kab. Ogan Komering Ulu,1.59816E+12,6.10385E+11,1.20034E+12,1.14948E+12,1.60911E+11,1.36681E+11,26741260774,0.134054119,0.118906506,0.100684976,0.223925699
990696,Kota Palembang,4.69452E+12,3.53729E+12,2.10885E+12,1.90846E+12,1.84472E+12,8.5789E+11,4.80716E+11,0.874749624,0.449520483,0.392951441,0.242527158
994712,Kota Prabumulih,1.03192E+12,1.09025E+12,8.17789E+11,7.03097E+11,1.0567E+11,1.13021E+11,27252793000,0.129214842,0.16074783,0.102401628,0.10366522
994729,Kota Pagar Alam,7.43302E+11,5.66813E+11,6.43587E+11,5.27938E+11,65337500884,75887793140,68917883343,0.101520868,0.143743743,0.08790168,0.133885099
994733,Kota Lubuk Linggau,1.02563E+12,1.15875E+12,8.81733E+11,8.81733E+11,1.17686E+11,1.17686E+11,22500000000,0.133471202,0.133471202,0.114744663,0.101562899
997557,Kab. Banyuasin,2.51247E+12,3.9818E+12,1.54903E+12,1.37007E+12,1.84E+11,1.92764E+11,48974541886,0.118784567,0.140696144,0.073234945,0.04841132
987560,Kab. Ogan Ilir,1.67686E+12,0,0,0,0,0,0,#DIV/0!,#DIV/0!,0,#DIV/0!
987549,Kab. OKU Timur,1.88742E+12,1.44396E+12,1.55603E+12,1.37768E+12,1.07867E+11,93561284218,1.72391E+11,0.069321522,0.067912167,0.057150474,0.06479471
987553,Kab. OKU Selatan,1.4782E+12,1.33153E+12,1.22052E+12,1.11367E+12,66233818602,62542313287,38457167106,0.054267024,0.056158545,0.044807104,0.046970279
963342,Kab. Empat Lawang,1.10439E+12,9.86724E+11,9.3633E+11,8.00031E+11,56561822055,43901822055,18303526850,0.060408007,0.054875175,0.051215348,0.044492513
999011,Kab. Penukal Abab Lematang Ilir,1.66584E+12,1.0646E+12,1.17046E+12,7.84139E+11,1.14458E+11,1.07008E+11,50168050208,0.097788919,0.136465601,0.068709085,0.10051433
999015,Kab. Musi Rawas Utara,1.13021E+12,7.10346E+11,8.41557E+11,8.53883E+11,56214544000,56214544000,46846319629,0.066798242,0.065834014,0.049737968,0.079136879
990718,Provinsi Bengkulu,#N/A,#N/A,#N/A,#N/A,#N/A,#N/A,#N/A,#N/A,#N/A,#N/A,#N/A
990739,Kab. Bengkulu Selatan,1.09972E+12,8.86317E+11,1.32114E+11,1.32114E+11,80341995800,80341995800,1164900000,0.608125036,0.608125036,0.073056636,0.090646986
990722,Kab. Bengkulu Utara,1.34231E+12,0,0,0,0,0,0,#DIV/0!,#DIV/0!,0,#DIV/0!
990743,Kab. Rejang Lebong,1.22404E+12,1.1603E+12,9.66796E+11,8.57511E+11,91721987707,1.67311E+11,1.10603E+11,0.094872171,0.195112757,0.074933786,0.144196296
990750,Kota Bengkulu,1.53027E+12,0,0,0,0,0,0,#DIV/0!,#DIV/0!,0,#DIV/0!
998215,Kab. Kaur,9.21974E+11,8.18371E+11,6.40545E+11,5.61697E+11,74328699019,67861965007,15587000000,0.116039789,0.120815999,0.080619124,0.082923251
998201,Kab. Seluma,1.02834E+12,9.38263E+11,7.43672E+11,6.43918E+11,61896476255,56902547830,10551042600,0.083230922,0.0883692,0.060190737,0.060646718
998503,Kab. Mukomuko,1.08333E+12,9.79719E+11,8.63439E+11,7.73424E+11,1.2621E+11,1.2621E+11,12096167000,0.146171462,0.163183543,0.116501989,0.128822714
987600,Kab. Lebong,8.01684E+11,5.72055E+11,5.93834E+11,5.18255E+11,47701948251,47701948251,0,0.080328735,0.092043375,0.059502162,0.083387043
987617,Kab. Kepahiang,8.71677E+11,6.18121E+11,7.0189E+11,6.17145E+11,44900410352,39025191780,18749173106,0.063970741,0.063235068,0.051510405,0.063135202
977710,Kab. Bengkulu Tengah,8.20251E+11,7.56145E+11,7.78052E+11,7.00798E+11,25699524000,20013874000,24756322000,0.033030604,0.028558672,0.031331277,0.026468295
990764,Provinsi Lampung,#N/A,#N/A,#N/A,#N/A,#N/A,#N/A,#N/A,#N/A,#N/A,#N/A,#N/A
990807,Kab. Lampung Barat,1.14846E+12,9.75425E+11,8.11939E+11,6.80383E+11,65728304508,62743506545,30223353580,0.080952308,0.092217924,0.057231826,0.064324304
990771,Kab. Lampung Selatan,2.58741E+12,2.30772E+12,1.89671E+12,1.67511E+12,3.34754E+11,3.0026E+11,0,0.176492098,0.1792475,0.129378302,0.130110692
990785,Kab. Lampung Tengah,2.80506E+12,2.59209E+12,2.31791E+12,2.04906E+12,2.10859E+11,1.76664E+11,0,0.090969099,0.08621708,0.075170661,0.068155111
990792,Kab. Lampung Utara,1.91238E+12,1.68456E+12,1.55666E+12,1.3774E+12,1.19775E+11,1.11028E+11,0,0.076943419,0.080606819,0.062631195,0.065909273
980191,Kab. Lampung Timur,2.43505E+12,2.20533E+12,1.61609E+12,1.38699E+12,1.53317E+11,1.39192E+11,0,0.094869307,0.100355525,0.062962648,0.063116315
993351,Kab. Tanggamus,1.92293E+12,1.69005E+12,1.59935E+12,1.47368E+12,1.17795E+11,98380038213,58938385133,0.073652139,0.066758,0.061258268,0.058211252
993347,Kab. Tulang Bawang,1.35922E+12,1.16956E+12,1.07325E+12,9.02515E+11,1.02382E+11,92381666769,65296691624,0.095394153,0.102360245,0.075323875,0.078988257
980206,Kab. Way Kanan,1.46355E+12,1.1341E+12,1.21126E+12,1.05055E+12,59801600703,57464600653,40345515057,0.049371441,0.054699726,0.040860598,0.050669968
990811,Kota Bandar Lampung,3.06364E+12,2.77393E+12,1.4984E+12,1.36382E+12,1.13071E+12,1.13071E+12,85376734193,0.754611576,0.829074697,0.369073977,0.407620193
980210,Kota Metro,1.01152E+12,8.18172E+11,6.38662E+11,5.68024E+11,1.78467E+11,1.74252E+11,46651961790,0.279438676,0.306768532,0.176433998,0.212976907
975311,Kab. Pesawaran,1.44254E+12,1.23392E+12,1.17815E+12,1.04285E+12,73216422234,46711982234,0,0.062145295,0.044792818,0.050755173,0.037856666
978423,Kab. Pringsewu,1.34551E+12,0,8.90803E+11,7.6762E+11,1.18299E+11,1.04429E+11,1.12944E+11,0.132800007,0.13604223,0.087921053,#DIV/0!
978432,Kab. Mesuji,9.35409E+11,7.5063E+11,7.65062E+11,6.47731E+11,47207416981,39674338088,24549794979,0.061704011,0.061251266,0.050467125,0.052854719
978448,Kab. Tulang Bawang Barat,1.09449E+12,5.77698E+11,6.15936E+11,5.58095E+11,22569490825,22569490825,30943540829,0.036642595,0.04044022,0.020621087,0.039067944
999003,Kab. Pesisir Barat,9.04956E+11,8.20093E+11,6.21071E+11,5.40519E+11,41773684633,41448846533,21072072960,0.06726077,0.076683352,0.046160995,0.050541621
990828,Provinsi DKI Jakarta,#N/A,#N/A,#N/A,#N/A,#N/A,#N/A,#N/A,#N/A,#N/A,#N/A,#N/A
990881,Provinsi Jawa Barat,#N/A,#N/A,#N/A,#N/A,#N/A,#N/A,#N/A,#N/A,#N/A,#N/A,#N/A
991003,Kab. Bandung,5.01125E+12,4.76126E+12,3.58957E+12,3.41561E+12,1.0066E+12,4.59098E+11,4.61565E+11,0.280423469,0.134411675,0.200868158,0.096423718
990963,Kab. Bekasi,6.55674E+12,6.19607E+12,2.23637E+12,2.07752E+12,2.44641E+12,2.28378E+12,4.18325E+11,1.09392368,1.099280676,0.373114007,0.36858466
990938,Kab. Bogor,7.69242E+12,7.66595E+12,4.49426E+12,4.20447E+12,2.94086E+12,2.29288E+12,4.66709E+11,0.654359007,0.545343614,0.382306173,0.299099056
991045,Kab. Ciamis,2.50707E+12,2.63981E+12,2.05792E+12,1.88189E+12,2.52715E+11,2.45579E+11,1.13006E+11,0.12280113,0.130496094,0.100800821,0.093028941
990959,Kab. Cianjur,3.70629E+12,3.29131E+12,2.74028E+12,2.49628E+12,7.09817E+11,6.27068E+11,43040377454,0.259030447,0.251201466,0.19151699,0.190522419
991052,Kab. Cirebon,3.63208E+12,4.04228E+12,2.5187E+12,2.4964E+12,6.44501E+11,5.90231E+11,1.3939E+11,0.2558858,0.236432994,0.177446882,0.146014386
991024,Kab. Garut,4.6043E+12,4.14884E+12,3.48056E+12,3.23659E+12,5.01065E+11,4.64647E+11,1.67669E+11,0.143961063,0.143560843,0.108825339,0.111994389
991070,Kab. Indramayu,3.44995E+12,2.83893E+12,2.5113E+12,2.30206E+12,4.63391E+11,4.22989E+11,1.01E+11,0.184522409,0.183743668,0.134318005,0.148996322
990970,Kab. Karawang,4.62021E+12,4.2694E+12,2.7881E+12,2.58546E+12,1.27381E+12,9.88312E+11,1.83203E+11,0.456874857,0.382258243,0.275704771,0.231487069
991066,Kab. Kuningan,2.65625E+12,2.37091E+12,2.15349E+12,1.95819E+12,3.23448E+11,3.1085E+11,41000000000,0.150196847,0.158743809,0.12176838,0.131110241
991087,Kab. Majalengka,3.67235E+12,3.3993E+12,2.25596E+12,2.09928E+12,5.49202E+11,5.16156E+11,43337720945,0.243445346,0.245873007,0.149550693,0.151841916
990984,Kab. Purwakarta,2.38918E+12,2.30347E+12,1.44612E+12,1.32801E+12,5.37244E+11,4.48233E+11,51732850000,0.371507885,0.337521385,0.224865673,0.19459058
990991,Kab. Subang,3.41476E+12,3.76189E+12,1.99638E+12,1.7966E+12,5.44773E+11,3.9547E+11,1.18375E+11,0.272880955,0.220120869,0.159534975,0.105125387
990942,Kab. Sukabumi,4.18232E+12,3.87423E+12,2.38211E+12,2.13204E+12,6.36807E+11,5.60713E+11,3.1157E+11,0.267328917,0.262993701,0.152261596,0.144729052
991010,Kab. Sumedang,2.82154E+12,2.72798E+12,2.26817E+12,2.2384E+12,5.53371E+11,4.74907E+11,53553264480,0.243972343,0.212163475,0.196123607,0.174087064
991031,Kab. Tasikmalaya,3.25433E+12,3.66963E+12,2.63035E+12,2.37367E+12,2.82681E+11,2.65695E+11,48472201000,0.10746869,0.111934495,0.086862938,0.072403763
991091,Kota Bandung,7.69834E+12,7.11995E+12,2.54678E+12,2.34523E+12,3.33936E+12,2.88936E+12,5.89993E+11,1.31121237,1.232019581,0.433777003,0.405812159
993330,Kota Bekasi,5.82694E+12,5.02835E+12,1.78114E+12,1.59758E+12,3.02453E+12,2.0954E+12,1.36606E+11,1.698085607,1.311605997,0.519059426,0.416717875
991109,Kota Bogor,2.78015E+12,2.6936E+12,1.35054E+12,1.56189E+12,1.08341E+12,8.34129E+11,3.8179E+11,0.802208932,0.53405175,0.389695606,0.309670604
991120,Kota Cirebon,1.85055E+12,1.61905E+12,8.89333E+11,8.52444E+11,5.20061E+11,4.86703E+11,27034054550,0.584776191,0.570949735,0.281031075,0.300610416
980032,Kota Depok,3.69878E+12,3.44186E+12,1.23587E+12,1.13319E+12,1.26942E+12,1.03646E+12,1.90474E+11,1.027153226,0.91463874,0.343200041,0.301134172
991113,Kota Sukabumi,1.34454E+12,1.22737E+12,7.99368E+11,6.98102E+11,3.89268E+11,3.24049E+11,22347503330,0.48696946,0.464185597,0.289517738,0.264018083
994740,Kota Tasikmalaya,1.71333E+12,1.7696E+12,1.17788E+12,1.04666E+12,3.03104E+11,2.56659E+11,66471180000,0.257329588,0.245217287,0.176909512,0.145037706
994754,Kota Cimahi,1.54691E+12,1.37071E+12,8.20678E+11,7.38888E+11,4.13275E+11,3.26222E+11,91135292632,0.503577807,0.441504194,0.267162418,0.237994795
998126,Kota Banjar,8.33063E+11,6.42037E+11,5.55727E+11,5.02723E+11,1.35602E+11,1.18553E+11,89212025916,0.244009243,0.23582203,0.162775717,0.184651393
963302,Kab. Bandung Barat,3.27995E+12,3.50067E+12,1.89433E+12,1.94832E+12,6.14281E+11,4.05526E+11,2.24021E+11,0.324272651,0.208141221,0.187283469,0.115842349
999002,Kab. Pangandaran,1.39755E+12,1.23514E+12,8.50244E+11,8.08367E+11,2.49705E+11,50038000000,0,0.293686039,0.061900135,0.178673813,0.040511856
991141,Provinsi Jawa Tengah,#N/A,#N/A,#N/A,#N/A,#N/A,#N/A,#N/A,#N/A,#N/A,#N/A,#N/A
991329,Kab. Banjarnegara,2.25988E+12,2.06296E+12,1.39627E+12,1.23125E+12,2.63414E+11,2.32809E+11,81567373878,0.18865542,0.18908282,0.116561123,0.112851772
991290,Kab. Banyumas,3.77357E+12,3.31063E+12,2.46897E+12,2.25568E+12,7.29893E+11,6.3987E+11,1.08915E+11,0.295626917,0.283670073,0.193422424,0.193277224
991202,Kab. Batang,1.92562E+12,1.55513E+12,1.33484E+12,1.34195E+12,2.1738E+11,2.29779E+11,78619303450,0.162850742,0.171227629,0.112888621,0.147755129
991286,Kab. Blora,2.23582E+12,2.11173E+12,1.42206E+12,1.54726E+12,2.66745E+11,2.39966E+11,44417044000,0.187577176,0.15509063,0.119305179,0.113634746
991396,Kab. Boyolali,2.48063E+12,1.85301E+12,1.81854E+12,1.63852E+12,3.69369E+11,3.45778E+11,3.76582E+11,0.20311344,0.211030991,0.148901568,0.186603711
991223,Kab. Brebes,3.29349E+12,2.95713E+12,2.38017E+12,2.20081E+12,3.9865E+11,3.75046E+11,1.2579E+11,0.167487864,0.17041254,0.121041562,0.126827766
991308,Kab. Cilacap,3.57779E+12,3.01999E+12,1.9961E+12,1.74069E+12,6.17977E+11,5.45594E+11,1.82531E+11,0.309591827,0.31343506,0.17272583,0.18066077
991176,Kab. Demak,2.40041E+12,2.1819E+12,1.30948E+12,1.17589E+12,4.04374E+11,3.69374E+11,52927139600,0.308805969,0.314122222,0.168460667,0.169289838
991180,Kab. Grobogan,2.68065E+12,2.37743E+12,1.66255E+12,1.50468E+12,3.32001E+11,3.32001E+11,62864391000,0.199693973,0.220646334,0.123851224,0.139646849
991265,Kab. Jepara,2.54169E+12,2.05101E+12,1.9227E+12,1.72661E+12,4.03478E+11,3.86442E+11,2.03E+11,0.209849938,0.223815735,0.158743796,0.188415326
991422,Kab. Karanganyar,2.34644E+12,2.15188E+12,1.64328E+12,1.47777E+12,3.57146E+11,3.40353E+11,66273781000,0.217337349,0.230314907,0.152207982,0.15816496
991375,Kab. Kebumen,3.04406E+12,2.70219E+12,2.20407E+12,2.02741E+12,4.17694E+11,2.92588E+11,34547459000,0.189510171,0.14431624,0.137216131,0.108278227
991162,Kab. Kendal,2.45183E+12,2.20922E+12,1.91217E+12,1.75458E+12,4.25302E+11,3.57382E+11,34995369300,0.222418345,0.203685276,0.173462936,0.161768104
991382,Kab. Klaten,2.90733E+12,2.65736E+12,2.14456E+12,1.94384E+12,3.04547E+11,2.35691E+11,83109918432,0.142008925,0.121250345,0.104751486,0.088693509
991244,Kab. Kudus,1.91147E+12,1.9449E+12,1.28352E+12,1.47782E+12,3.78702E+11,3.06725E+11,88338163000,0.295049116,0.207551349,0.198120551,0.157707121
991333,Kab. Magelang,2.7192E+12,0,0,0,0,0,0,#DIV/0!,#DIV/0!,0,#DIV/0!
991230,Kab. Pati,2.91022E+12,2.74666E+12,2.1488E+12,1.95346E+12,3.5186E+11,3.51815E+11,0,0.163746916,0.180098534,0.120904884,0.128088502
991197,Kab. Pekalongan,2.44666E+12,2.14388E+12,1.65836E+12,1.50215E+12,4.66818E+11,3.08964E+11,52033402900,0.281493548,0.205680932,0.190798511,0.144114887
991251,Kab. Pemalang,2.83684E+12,0,0,0,0,0,0,#DIV/0!,#DIV/0!,0,#DIV/0!
991312,Kab. Purbalingga,2.10411E+12,1.88278E+12,1.66987E+12,1.54278E+12,2.84009E+11,2.70589E+11,57167199000,0.170078787,0.175390576,0.13497811,0.143718282
991361,Kab. Purworejo,2.48329E+12,2.06334E+12,1.79984E+12,1.62114E+12,3.26572E+11,2.18955E+11,59576250000,0.181445072,0.135062921,0.131507777,0.106116769
991272,Kab. Rembang,2.0543E+12,1.66686E+12,1.12686E+12,1.00709E+12,3.07259E+11,2.43318E+11,71323823400,0.272669148,0.241603895,0.149568365,0.145973769
991155,Kab. Semarang,2.45701E+12,2.11638E+12,0,1.47345E+12,4.7987E+11,2.92453E+11,56330566500,#DIV/0!,0.198481093,0.195306907,0.138185089
991401,Kab. Sragen,2.42289E+12,2.26852E+12,1.54815E+12,1.3902E+12,3.3822E+11,3.08248E+11,57842403880,0.218467392,0.221728634,0.139593934,0.135880407
991418,Kab. Sukoharjo,2.40153E+12,2.30233E+12,1.2875E+12,1.16219E+12,3.32207E+11,3.19322E+11,2.08433E+11,0.258024879,0.274759806,0.13833143,0.138695149
991219,Kab. Tegal,2.90581E+12,2.4959E+12,2.06712E+12,1.87789E+12,4.50742E+11,4.27035E+11,1.50955E+11,0.218053034,0.22740112,0.155117835,0.171094862
991340,Kab. Temanggung,1.98149E+12,1.84595E+12,1.49764E+12,1.34255E+12,2.66914E+11,2.42107E+11,90869226900,0.178223419,0.180334457,0.13470364,0.131155871
991439,Kab. Wonogiri,2.47791E+12,2.28006E+12,1.88415E+12,1.69667E+12,2.52341E+11,2.23451E+11,1.92596E+11,0.133928082,0.131699551,0.10183607,0.098002293
991354,Kab. Wonosobo,2.07028E+12,1.85968E+12,1.52333E+12,1.37964E+12,2.24698E+11,1.88291E+11,1.65718E+11,0.147504436,0.136479102,0.10853496,0.101249207
991485,Kota Magelang,1.00611E+12,8.38954E+11,6.08701E+11,5.49891E+11,2.55038E+11,2.07773E+11,74351683000,0.418987571,0.377844394,0.253490066,0.247657426
991464,Kota Pekalongan,1.06011E+12,9.10907E+11,6.65963E+11,5.9568E+11,2.1802E+11,1.47975E+11,0,0.32737626,0.248413112,0.205658694,0.162447517
991450,Kota Salatiga,1.0064E+12,8.89202E+11,5.85872E+11,5.16842E+11,2.28005E+11,1.94938E+11,0,0.389172136,0.377171805,0.226553859,0.219228128
991443,Kota Semarang,5.31983E+12,4.02738E+12,1.81531E+12,1.63131E+12,2.51665E+12,1.55799E+12,0,1.386348216,0.95505518,0.47306874,0.386849959
991492,Kota Surakarta,2.11986E+12,1.94689E+12,1.14858E+12,1.02758E+12,6.10374E+11,6.10373E+11,76509081569,0.531417475,0.593992617,0.287931061,0.313512069
991471,Kota Tegal,1.29803E+12,1.08138E+12,7.02012E+11,6.26967E+11,3.33013E+11,2.23127E+11,0,0.474369325,0.355882607,0.256552206,0.206334568
991507,Provinsi DI Yogyakarta,#N/A,#N/A,#N/A,#N/A,#N/A,#N/A,#N/A,#N/A,#N/A,#N/A,#N/A
991511,Kab. Bantul,2.49041E+12,1.77944E+12,1.58612E+12,1.42314E+12,4.69798E+11,3.95664E+11,89000000000,0.296192703,0.278021595,0.188643126,0.222353071
991532,Kab. Gunung Kidul,2.21171E+12,1.99121E+12,1.58501E+12,1.4237E+12,2.4588E+11,2.02407E+11,0,0.155128419,0.142170026,0.11117184,0.101650158
991549,Kab. Kulon Progo,1.79964E+12,1.39119E+12,1.48513E+12,1.3506E+12,2.4792E+11,2.2122E+11,33479348087,0.166934763,0.163793582,0.137760978,0.159014547
991528,Kab. Sleman,3.04243E+12,2.47334E+12,1.43158E+12,1.34267E+12,9.44482E+11,5.57117E+11,0,0.659747998,0.414930812,0.31043703,0.225248593
991553,Kota Yogyakarta,2.03925E+12,1.7069E+12,1.00092E+12,8.87225E+11,6.7177E+11,4.51889E+11,0,0.671155557,0.509328476,0.329420666,0.264742902
991560,Provinsi Jawa Timur,#N/A,#N/A,#N/A,#N/A,#N/A,#N/A,#N/A,#N/A,#N/A,#N/A,#N/A
991642,Kab. Bangkalan,2.37747E+12,0,0,0,0,0,0,#DIV/0!,#DIV/0!,0,#DIV/0!
991670,Kab. Banyuwangi,0,2.60103E+12,2.33954E+12,2.08729E+12,3.00191E+11,1.50096E+11,0,0.128312298,0.071909283,#DIV/0!,0.057706367
991773,Kab. Blitar,2.57191E+12,2.31506E+12,1.87481E+12,1.71544E+12,2.63661E+11,2.24514E+11,1.07113E+11,0.140633591,0.130878471,0.102515503,0.096979568
991837,Kab. Bojonegoro,6.4045E+12,5.46925E+12,3.01806E+12,2.44907E+12,8.43285E+11,6.74444E+11,1.04151E+11,0.279412442,0.275388073,0.131670581,0.123315694
991659,Kab. Bondowoso,2.19729E+12,1.97413E+12,1.67935E+12,1.4783E+12,2.32926E+11,2.00506E+11,49394438400,0.138700496,0.135632833,0.106006125,0.101567098
991574,Kab. Gresik,3.56829E+12,0,0,0,0,0,0,#DIV/0!,#DIV/0!,0,#DIV/0!
991684,Kab. Jember,4.55308E+12,4.36219E+12,2.79379E+12,2.79379E+12,7.50015E+11,7.50015E+11,4.78418E+11,0.268458036,0.268458036,0.164726912,0.171935389
991600,Kab. Jombang,2.88466E+12,0,0,0,0,0,0,#DIV/0!,#DIV/0!,0,#DIV/0!
991731,Kab. Kediri,3.41551E+12,2.95115E+12,2.19761E+12,1.99711E+12,4.24922E+11,3.95604E+11,2.03066E+11,0.193356015,0.198088228,0.124409497,0.13405103
991858,Kab. Lamongan,3.10515E+12,2.91504E+12,2.49338E+12,2.3566E+12,5.54416E+11,5.19387E+11,2.00178E+11,0.222354969,0.220396643,0.178547337,0.178174776
991727,Kab. Lumajang,2.42544E+12,2.05013E+12,1.66238E+12,1.48728E+12,3.20544E+11,2.58218E+11,0,0.192821951,0.173617997,0.13215928,0.125952164
991780,Kab. Madiun,1.98698E+12,1.71108E+12,1.69344E+12,1.4837E+12,2.1945E+11,1.87392E+11,20699862436,0.129587966,0.126300466,0.110444,0.10951663
991802,Kab. Magetan,1.90728E+12,1.52673E+12,1.51982E+12,1.34897E+12,2.226E+11,2.06868E+11,1.49018E+11,0.146465057,0.153352588,0.116710472,0.135496807
991691,Kab. Malang,4.41648E+12,0,0,0,0,0,0,#DIV/0!,#DIV/0!,0,#DIV/0!
991581,Kab. Mojokerto,2.60306E+12,2.3513E+12,1.73767E+12,1.57071E+12,5.42338E+11,4.77257E+11,31810767689,0.312106053,0.303848277,0.208346612,0.202975628
991752,Kab. Nganjuk,2.59265E+12,2.41711E+12,2.00873E+12,1.93077E+12,3.67112E+11,3.04397E+11,89713254000,0.182758842,0.157656054,0.141597234,0.12593423
991794,Kab. Ngawi,2.33503E+12,2.17006E+12,1.76869E+12,1.62692E+12,2.38293E+11,2.16545E+11,12500000000,0.134728099,0.133101173,0.102051261,0.099787748
991820,Kab. Pacitan,1.71773E+12,0,0,0,0,0,0,#DIV/0!,#DIV/0!,0,#DIV/0!
991621,Kab. Pamekasan,2.37321E+12,1.61757E+12,1.49957E+12,1.34877E+12,1.84409E+11,1.7569E+11,64765920500,0.122974416,0.130259145,0.077704526,0.108613491
991706,Kab. Pasuruan,3.84367E+12,3.36487E+12,2.02622E+12,1.7003E+12,7.31158E+11,6.25811E+11,1.75214E+11,0.360847223,0.36805904,0.190223912,0.185983766
991816,Kab. Ponorogo,2.43928E+12,1.90049E+12,2.00485E+12,1.79543E+12,2.95145E+11,2.87145E+11,3.09733E+11,0.147215619,0.159930789,0.12099657,0.151090071
991710,Kab. Probolinggo,2.50722E+12,2.23921E+12,1.51172E+12,1.3208E+12,2.44679E+11,2.34543E+11,1.06044E+11,0.161854968,0.177576384,0.09758993,0.104743327
991617,Kab. Sampang,1.95423E+12,1.40492E+12,1.50887E+12,1.34311E+12,1.98957E+11,1.73415E+11,1.50418E+11,0.131857578,0.129114491,0.101808048,0.12343369
991595,Kab. Sidoarjo,5.37939E+12,4.85194E+12,2.19629E+12,2.02151E+12,1.8101E+12,1.64601E+12,1.14357E+11,0.824162792,0.814246597,0.336488004,0.339247971
991663,Kab. Situbondo,1.84194E+12,1.89349E+12,1.60628E+12,1.60628E+12,1.97096E+11,1.97096E+11,0,0.122703712,0.122703712,0.107004549,0.104091429
991638,Kab. Sumenep,2.74774E+12,2.2196E+12,1.99846E+12,1.83251E+12,2.66795E+11,2.17717E+11,3.64894E+11,0.133500143,0.118807898,0.097096106,0.098088024
991769,Kab. Trenggalek,2.08253E+12,1.61044E+12,1.50867E+12,1.34292E+12,3.02583E+11,2.13667E+11,1.56283E+11,0.200563233,0.159106111,0.145295894,0.132676209
991841,Kab. Tuban,2.6973E+12,2.25954E+12,1.84575E+12,1.70141E+12,5.64656E+11,4.59549E+11,2.4057E+11,0.305921721,0.270099517,0.209341382,0.20338215
991748,Kab. Tulungagung,2.76335E+12,2.273E+12,1.93613E+12,1.73283E+12,4.46577E+11,4.12676E+11,4.11393E+11,0.23065392,0.238151766,0.161606829,0.18155615
991912,Kota Blitar,1.02523E+12,8.47771E+11,6.04252E+11,5.28833E+11,1.74016E+11,1.0822E+11,74834265785,0.287985351,0.204638886,0.169734103,0.12765217
991926,Kota Kediri,1.42463E+12,1.26683E+12,9.30843E+11,8.09121E+11,2.51283E+11,2.10807E+11,77617254410,0.269951671,0.260537677,0.176384968,0.166404611
991930,Kota Madiun,1.27816E+12,1.15755E+12,6.71425E+11,6.12676E+11,2.35505E+11,2.18158E+11,20488148600,0.350753733,0.356074543,0.184252707,0.188465233
991883,Kota Malang,2.77395E+12,1.78169E+12,1.27509E+12,1.13165E+12,7.311E+11,3.65E+11,58672491050,0.57337051,0.322537022,0.263559515,0.204861845
991879,Kota Mojokerto,1.0145E+12,9.35725E+11,5.60931E+11,5.09937E+11,2.05936E+11,1.8954E+11,72477058490,0.36713171,0.371693864,0.202992921,0.202560099
991890,Kota Pasuruan,1.09136E+12,0,0,0,0,0,0,#DIV/0!,#DIV/0!,0,#DIV/0!
991905,Kota Probolinggo,1.17782E+12,1.00958E+12,7.40196E+11,6.48505E+11,2.00975E+11,1.97576E+11,13273505886,0.271515901,0.304663993,0.170632978,0.195700717
991862,Kota Surabaya,1.03322E+13,8.62116E+12,3.49846E+12,3.11956E+12,5.58463E+12,4.91261E+12,2.02026E+11,1.596310249,1.574778553,0.540505731,0.569831491
994761,Kota Batu,1.00005E+12,8.97255E+11,6.49519E+11,5.65686E+11,2.07025E+11,1.32341E+11,19893022412,0.318736007,0.233947999,0.207014982,0.147495438
991947,Provinsi Kalimantan Barat,#N/A,#N/A,#N/A,#N/A,#N/A,#N/A,#N/A,#N/A,#N/A,#N/A,#N/A
980227,Kab. Bengkayang,1.10331E+12,9.8016E+11,9.76431E+11,8.42792E+11,56374530600,36914862500,17371926065,0.057735321,0.043800664,0.051096049,0.037662072
980231,Kab. Landak,1.48572E+12,1.47457E+12,1.25391E+12,1.07074E+12,1.01867E+11,77143785614,0,0.081239853,0.072047456,0.068564467,0.052316271
991993,Kab. Kapuas Hulu,1.82795E+12,1.6566E+12,1.64322E+12,1.44854E+12,83608739166,72030914166,43460676111,0.0508809,0.049726564,0.045738982,0.043481151
992008,Kab. Ketapang,2.16708E+12,1.84587E+12,1.92202E+12,1.75278E+12,1.58853E+11,1.27082E+11,1.05763E+11,0.082648705,0.072503345,0.073302798,0.06884687
991989,Kab. Mempawah,1.07643E+12,9.22376E+11,8.78279E+11,7.6789E+11,84911268000,85204918000,1.20255E+11,0.096679124,0.110959822,0.078882464,0.092375467
991951,Kab. Sambas,1.91053E+12,1.63402E+12,1.56099E+12,1.34917E+12,1.51674E+11,1.01507E+11,25031394694,0.097165015,0.075236769,0.079388316,0.062121225
991968,Kab. Sanggau,1.75435E+12,1.54682E+12,1.19282E+12,1.00822E+12,1.04271E+11,1.03517E+11,35294337911,0.087415983,0.102673298,0.059435789,0.066922444
991972,Kab. Sintang,2.21156E+12,2.00367E+12,1.33372E+12,1.17514E+12,1.54473E+11,1.33158E+11,42193985643,0.115821332,0.113312735,0.069848082,0.066457359
992012,Kota Pontianak,1.86983E+12,1.54076E+12,1.19792E+12,9.95674E+11,5.35939E+11,2.91283E+11,1.57339E+11,0.447391095,0.292548605,0.286624464,0.189051488
994775,Kota Singkawang,9.41735E+11,8.12185E+11,6.49101E+11,5.63224E+11,1.61879E+11,1.32843E+11,70880608728,0.249389116,0.235861484,0.171894166,0.16356232
987507,Kab. Sekadau,1.02573E+12,9.33506E+11,8.38107E+11,6.70624E+11,60543256540,57309278933,1.40064E+11,0.07223813,0.085456663,0.059024284,0.061391409
987492,Kab. Melawi,1.12705E+12,0,0,0,0,0,0,#DIV/0!,#DIV/0!,0,#DIV/0!
963358,Kab. Kayong Utara,6.6982E+11,7.39049E+11,6.59807E+11,5.72102E+11,33889110088,32093204240,76302005466,0.051362152,0.056096993,0.050594331,0.043424979
975616,Kab. Kubu Raya,1.70867E+12,1.37059E+12,1.09487E+12,9.57167E+11,1.80107E+11,1.26179E+11,24474337292,0.164499951,0.131826037,0.105407595,0.092062039
992029,Provinsi Kalimantan Tengah,#N/A,#N/A,#N/A,#N/A,#N/A,#N/A,#N/A,#N/A,#N/A,#N/A,#N/A
992054,Kab. Barito Selatan,1.21177E+12,1.06991E+12,8.01648E+11,6.88511E+11,93778093408,63640256338,32151649786,0.116981586,0.092431691,0.077389594,0.059482103
992040,Kab. Barito Utara,1.22525E+12,1.05184E+12,1.01798E+12,9.42748E+11,1.21271E+11,1.01985E+11,35014492000,0.119128171,0.108178617,0.098975922,0.096958686
992033,Kab. Kapuas,2.6931E+12,1.83039E+12,1.7678E+12,1.44889E+12,1.28783E+11,1.13282E+11,1.18587E+11,0.072849436,0.078185769,0.047819781,0.061889774
992075,Kab. Kotawaringin Barat,1.69778E+12,1.68883E+12,1.19494E+12,1.08554E+12,2.55059E+11,2.08135E+11,75000000000,0.213448302,0.191733734,0.150230763,0.123242235
992061,Kab. Kotawaringin Timur,1.92827E+12,1.74235E+12,1.48795E+12,1.32407E+12,2.7E+11,2.7E+11,51709658000,0.181457178,0.203916788,0.140021639,0.154963428
992082,Kota Palangkaraya,1.25814E+12,1.08394E+12,9.05876E+11,7.81877E+11,1.73012E+11,1.7114E+11,82864093750,0.190988285,0.218883916,0.137513829,0.157886547
997472,Kab. Katingan,1.32655E+12,1.13715E+12,1.11819E+12,1.01535E+12,62565045450,52157996860,15774729625,0.055952313,0.051369716,0.047163617,0.045867258
997489,Kab. Seruyan,1.45208E+12,1.1653E+12,1.02754E+12,8.90895E+11,2.66925E+11,1.42955E+11,0,0.259771419,0.160461981,0.183822974,0.122675997
997493,Kab. Sukamara,7.38309E+11,6.16404E+11,6.36697E+11,5.40391E+11,45009215051,39702332047,68493079524,0.07069176,0.073469657,0.060962589,0.064409608
997501,Kab. Lamandau,8.89572E+11,7.25481E+11,7.31584E+11,6.61749E+11,50723920371,44457686023,83233298315,0.06933442,0.067182144,0.057020606,0.061280264
997515,Kab. Gunung Mas,1.10956E+12,8.54611E+11,9.75617E+11,8.43278E+11,60318439000,42865970000,45882528377,0.061825945,0.050832523,0.054362697,0.050158431
997522,Kab. Pulang Pisau,1.03204E+12,8.71344E+11,9.00518E+11,8.12617E+11,48853535500,41386539185,40132111712,0.05425047,0.050929945,0.047336661,0.047497355
997536,Kab. Murung Raya,1.2489E+12,1.02083E+12,9.71813E+11,8.5988E+11,70928899791,70374399791,50000000000,0.072986131,0.081842094,0.056793012,0.068938168
997540,Kab. Barito Timur,9.83692E+11,8.46335E+11,8.201E+11,7.29016E+11,88437482415,69270382415,61482637705,0.107837445,0.095019039,0.089903618,0.081847515
992164,Provinsi Kalimantan Selatan,#N/A,#N/A,#N/A,#N/A,#N/A,#N/A,#N/A,#N/A,#N/A,#N/A,#N/A
992171,Kab. Banjar,2.08915E+12,1.89455E+12,1.25901E+12,1.12953E+12,1.90282E+11,1.69E+11,1.03428E+11,0.151136812,0.149620302,0.091081247,0.089203021
992228,Kab. Barito Kuala,1.38634E+12,1.14752E+12,9.74905E+11,8.8203E+11,71807241437,67180158129,1.08486E+11,0.073655593,0.076165423,0.051796402,0.058543926
992207,Kab. Hulu Sungai Selatan,1.36165E+12,1.2822E+12,9.92282E+11,9.62006E+11,1.49996E+11,95343457000,2.5566E+11,0.15116301,0.099109027,0.110158003,0.074359047
992211,Kab. Hulu Sungai Tengah,1.34589E+12,1.20537E+12,8.50358E+11,7.57875E+11,1.20843E+11,1.08554E+11,19938574938,0.142108325,0.143235261,0.089786546,0.090059104
992253,Kab. Hulu Sungai Utara,1.21766E+12,1.23521E+12,8.42952E+11,7.45976E+11,1.10097E+11,1.10097E+11,0,0.130609296,0.147588314,0.09041684,0.089132435
992249,Kab. Kotabaru,1.68656E+12,0,1.30281E+12,1.19191E+12,1.27828E+11,1.18847E+11,35877226000,0.098117322,0.099710935,0.075792261,#DIV/0!
992232,Kab. Tabalong,1.55277E+12,1.42957E+12,9.43296E+11,9.6546E+11,2.06109E+11,1.93735E+11,1.08726E+11,0.218498834,0.200665597,0.132736374,0.135519352
992185,Kab. Tanah Laut,1.93286E+12,1.59299E+12,1.18998E+12,1.11482E+12,1.50062E+11,1.37723E+11,2.50437E+11,0.126104946,0.1235378,0.077637523,0.086455421
992192,Kab. Tapin,1.38991E+12,1.16937E+12,1.00225E+12,8.7815E+11,72838553830,64594595708,85387717800,0.072674993,0.073557552,0.052405159,0.05523891
980248,Kota Banjarbaru,1.30464E+12,1.0724E+12,7.50975E+11,6.8288E+11,2.41221E+11,1.81671E+11,0,0.321209746,0.266036544,0.184894678,0.169406701
992260,Kota Banjarmasin,2.06678E+12,1.84632E+12,1.18492E+12,1.04323E+12,3.67319E+11,2.34192E+11,51580000000,0.309993578,0.224486671,0.177725499,0.126842523
998236,Kab. Balangan,1.2515E+12,1.34989E+12,1.11995E+12,1.11995E+12,68352858056,68352858056,29958409524,0.061031977,0.061031977,0.054616656,0.050635831
998222,Kab. Tanah Bumbu,1.95723E+12,1.93973E+12,1.48161E+12,1.48161E+12,1.75794E+11,1.75794E+11,1.64732E+11,0.118650937,0.118650937,0.089818081,0.090628411
992096,Provinsi Kalimantan Timur,#N/A,#N/A,#N/A,#N/A,#N/A,#N/A,#N/A,#N/A,#N/A,#N/A,#N/A
992139,Kab. Berau,2.46464E+12,2.27375E+12,2.19539E+12,1.77801E+12,2.31789E+11,1.69588E+11,38302335000,0.105580259,0.095381199,0.094045859,0.074585371
992101,Kab. Kutai Kartanegara,5.97394E+12,5.08211E+12,4.61844E+12,3.5273E+12,4.64097E+11,4.17074E+11,1.29989E+11,0.100487755,0.118241679,0.077686937,0.082067109
980273,Kab. Kutai Barat,2.62303E+12,2.27814E+12,1.84615E+12,1.736E+12,1.36661E+11,1.36661E+11,2.80147E+11,0.074024673,0.078721439,0.052100258,0.059987899
980280,Kab. Kutai Timur,3.6286E+12,2.55764E+12,2.86339E+12,2.50558E+12,2.13384E+11,1.06692E+11,3.53608E+11,0.07452127,0.042581688,0.058806066,0.041714951
992118,Kab. Paser,2.55679E+12,1.87026E+12,1.56952E+12,1.4428E+12,1.34795E+11,1.23396E+11,75887750623,0.085882646,0.085524984,0.052720329,0.065977773
992150,Kota Balikpapan,2.72732E+12,2.04351E+12,1.31965E+12,1.22628E+12,715000000,3.90415E+11,1.36993E+11,0.00054181,0.318374115,0.000262162,0.191051401
980294,Kota Bontang,1.67417E+12,1.27307E+12,1.08857E+12,8.51421E+11,1.84961E+11,1.63884E+11,0,0.169912368,0.192483355,0.110479642,0.128732094
992143,Kota Samarinda,3.12649E+12,2.50953E+12,1.48374E+12,1.35681E+12,5.16438E+11,1.89455E+11,0,0.348065353,0.139632252,0.165181664,0.075494031
997561,Kab. Penajam Paser Utara,1.62307E+12,1.39737E+12,1.17758E+12,9.07256E+11,1.2245E+11,1.18079E+11,71316869044,0.103984474,0.130149966,0.075443337,0.084501274
999006,Kab. Mahakam Ulu,1.83344E+12,9.98734E+11,1.45047E+12,1.07278E+12,20207451529,13273083514,50519069000,0.013931611,0.012372549,0.011021598,0.013289909
993021,Provinsi Sulawesi Utara,#N/A,#N/A,#N/A,#N/A,#N/A,#N/A,#N/A,#N/A,#N/A,#N/A,#N/A
993059,Kab. Bolaang Mongondow,1.09869E+12,8.73416E+11,9.3771E+11,8.13386E+11,56304584597,52125810870,1.01307E+11,0.060044759,0.064084964,0.051247158,0.059680373
993042,Kab. Minahasa,1.43164E+12,1.22636E+12,1.13684E+12,1.00334E+12,1.16801E+11,78080825000,59535678300,0.102742344,0.077820621,0.081585938,0.063668541
993063,Kab. Kepulauan Sangihe,1.10037E+12,8.79596E+11,9.84017E+11,8.48059E+11,66158719633,58240160873,66341028559,0.067233339,0.068674659,0.06012413,0.066212436
993091,Kota Bitung,8.54982E+11,7.49884E+11,6.67022E+11,6.16539E+11,86677318412,64699824245,84927292644,0.12994664,0.104940432,0.101379162,0.086279794
993070,Kota Manado,1.87529E+12,1.39707E+12,1.04835E+12,9.57618E+11,4.43608E+11,3.0752E+11,1.20951E+11,0.423148918,0.32113008,0.236554512,0.220118142
997412,Kab. Kepulauan Talaud,9.05202E+11,7.4267E+11,8.32139E+11,7.26598E+11,29734898920,26761409028,37189997667,0.035733081,0.036831099,0.032848911,0.036034064
998240,Kab. Minahasa Selatan,1.04549E+12,9.15688E+11,9.41546E+11,8.07392E+11,36914163663,33142597630,19144850000,0.039205922,0.041048974,0.035307867,0.036194216
998257,Kota Tomohon,7.61793E+11,6.47359E+11,6.59893E+11,5.77176E+11,68687903846,38971954933,48270736672,0.104089423,0.067521805,0.090166146,0.060201429
987485,Kab. Minahasa Utara,1.04701E+12,9.1877E+11,8.85281E+11,7.60515E+11,93895485213,76943886787,19104064241,0.10606292,0.101173435,0.089679882,0.083746637
963389,Kab. Kep. Siau Tagulandang Biaro,7.20744E+11,5.59022E+11,6.76698E+11,5.80631E+11,27007743166,25559704282,54610903546,0.039911068,0.044020544,0.037472041,0.045722187
963395,Kota Kotamobagu,6.99885E+11,5.09737E+11,5.14393E+11,4.59216E+11,82300000000,61725000000,85652050842,0.159994457,0.134413921,0.117590732,0.121091831
963409,Kab. Bolaang Mongondow Utara,7.41355E+11,5.46984E+11,6.7815E+11,5.83183E+11,21797662352,20100412352,1.03197E+11,0.032142815,0.034466742,0.029402466,0.03674772
963415,Kab. Minahasa Tenggara,8.17534E+11,6.83501E+11,5.68147E+11,5.00789E+11,18191892011,14385844291,50404322344,0.032019691,0.028726338,0.022252166,0.021047297
975022,Kab. Bolaang Mongondow Timur,6.67173E+11,6.05732E+11,5.262E+11,4.67697E+11,19525923795,17197375223,23852015855,0.037107396,0.036770348,0.029266677,0.028391065
977860,Kab. Bolaang Mongondow Selatan,6.6125E+11,5.25034E+11,6.13764E+11,5.5383E+11,16385862731,16106523731,75239909190,0.02669735,0.029082058,0.024780143,0.0306771
992960,Provinsi Sulawesi Tengah,#N/A,#N/A,#N/A,#N/A,#N/A,#N/A,#N/A,#N/A,#N/A,#N/A,#N/A
993000,Kab. Banggai,1.88123E+12,1.71975E+12,1.53409E+12,1.38462E+12,2.25114E+11,2.15114E+11,36073028687,0.146740579,0.155359802,0.119662952,0.125083976
980337,Kab. Banggai Kepulauan,9.43705E+11,8.19776E+11,8.19379E+11,6.97802E+11,36507500000,36507500000,35516220000,0.044555067,0.052317828,0.038685304,0.044533517
980316,Kab. Buol,1.02441E+12,8.18701E+11,8.97603E+11,8.0387E+11,72853167977,68842283427,1.09882E+11,0.081164163,0.085638583,0.071117163,0.084087245
992998,Kab. Toli0Toli,1.22991E+12,8.91688E+11,9.10663E+11,7.68144E+11,1.21295E+11,1.1531E+11,20130128230,0.133193806,0.150114609,0.098621177,0.129316154
992981,Kab. Donggala,1.86265E+12,1.15612E+12,1.04548E+12,8.40071E+11,77269076392,73077083201,30042129337,0.07390761,0.08698917,0.04148347,0.063209016
980320,Kab. Morowali,1.25923E+12,1.10154E+12,9.23172E+11,8.45635E+11,3.13164E+11,2.42126E+11,53482799741,0.339225602,0.286323939,0.24869433,0.21980648
992977,Kab. Poso,1.49901E+12,1.25824E+12,1.32599E+12,1.19748E+12,1.1108E+11,67474347680,22879702500,0.083770878,0.056347156,0.074102261,0.053626027
993017,Kota Palu,2.30426E+12,1.36862E+12,9.56576E+11,8.32898E+11,2.1947E+11,1.80528E+11,43713756146,0.22943329,0.216746572,0.095245544,0.131905163
997582,Kab. Parigi Moutong,1.74805E+12,1.45522E+12,1.46381E+12,1.2657E+12,1.21603E+11,1.15566E+11,25919598216,0.08307286,0.091305507,0.069564965,0.079414342
987471,Kab. Tojo Una Una,1.1854E+12,9.56963E+11,9.28356E+11,8.05205E+11,73236183338,63694099457,64193740323,0.078888024,0.079102959,0.06178165,0.066558554
975172,Kab. Sigi,1.8185E+12,1.05423E+12,1.12824E+12,9.36545E+11,52923944059,52923944059,34729030800,0.046908344,0.0565098,0.029103073,0.050201688
999009,Kab. Banggai Laut,8.53765E+11,8.17496E+11,6.30967E+11,5.668E+11,36249226415,24449215136,20000000000,0.057450254,0.043135533,0.042458083,0.029907452
999013,Kab. Morowali Utara,1.14626E+12,9.78971E+11,1.01631E+12,8.95733E+11,69278256655,48138359919,49014209000,0.068166393,0.053741852,0.060438414,0.049172426
992722,Provinsi Sulawesi Selatan,#N/A,#N/A,#N/A,#N/A,#N/A,#N/A,#N/A,#N/A,#N/A,#N/A,#N/A
992846,Kab. Bantaeng,1.06236E+12,8.9122E+11,7.35115E+11,6.42911E+11,1.58312E+11,1.10653E+11,37090263935,0.215356612,0.172113002,0.149018965,0.124159379
992888,Kab. Barru,0,8.8936E+11,8.4667E+11,7.57589E+11,1.13328E+11,1.01901E+11,25516248224,0.133851693,0.134506306,#DIV/0!,0.114577304
992778,Kab. Bone,2.47766E+12,2.11071E+12,1.95561E+12,1.74242E+12,2.11584E+11,2.04977E+11,82157500000,0.108193649,0.117639281,0.085396782,0.097112701
992832,Kab. Bulukumba,1.55371E+12,1.28953E+12,1.07888E+12,9.75508E+11,1.92999E+11,1.87116E+11,76200758980,0.178888328,0.191813606,0.124218247,0.145103422
992935,Kab. Enrekang,1.16368E+12,9.22733E+11,9.25668E+11,8.25444E+11,1.04658E+11,83518788196,96190218031,0.113061974,0.101180432,0.089936741,0.0905124
992740,Kab. Gowa,2.06499E+12,1.69847E+12,1.50857E+12,1.39047E+12,2.2447E+11,1.78969E+11,42715950026,0.148796119,0.128711224,0.108702564,0.105371045
992850,Kab. Jeneponto,1.31376E+12,1.20709E+12,1.07012E+12,9.66591E+11,1.38238E+11,1.38238E+11,2.11016E+11,0.129179933,0.143015981,0.105222805,0.114522066
992811,Kab. Luwu,1.53247E+12,1.26047E+12,1.05944E+12,9.06928E+11,1.15458E+11,76897806770,20337360783,0.10897964,0.084789313,0.075340803,0.061007044
980341,Kab. Luwu Utara,1.47531E+12,1.19478E+12,1.17968E+12,1.05491E+12,1.43825E+11,79112293590,32227427925,0.121918228,0.074994154,0.097487418,0.06621519
992799,Kab. Maros,1.56229E+12,1.39553E+12,1.11081E+12,9.92316E+11,3.11276E+11,2.29599E+11,28499192181,0.28022466,0.231376616,0.199243629,0.164524194
992900,Kab. Pangkajene Kepulauan,1.43077E+12,1.18031E+12,1.18959E+12,1.06917E+12,1.86391E+11,1.86391E+11,1.12791E+11,0.156685172,0.174331663,0.130273602,0.157917038
997604,Kota Palopo,1.10939E+12,1.01835E+12,7.34655E+11,6.60245E+11,1.89592E+11,1.77385E+11,35505251000,0.258070042,0.268665976,0.17089731,0.174189165
928282,Kab. Luwu Timur,1.58508E+12,1.2389E+12,9.7711E+11,8.59981E+11,2.99745E+11,2.75341E+11,44824998638,0.306766746,0.320170652,0.189104188,0.222246785
992736,Kab. Pinrang,1.39772E+12,1.10766E+12,1.02949E+12,8.80761E+11,1.31225E+11,49237072796,29620567395,0.127465269,0.055902855,0.093884866,0.044451517
992825,Kab. Sinjai,1.38133E+12,1.07828E+12,9.17097E+11,7.78549E+11,1.00437E+11,90762840634,96793299994,0.109515823,0.11657952,0.072709884,0.084173824
992867,Kab. Kepulauan Selayar,1.19611E+12,9.92868E+11,9.7033E+11,8.16664E+11,84684347742,84684347742,23642394000,0.087273799,0.103695439,0.070799673,0.085292651
992892,Kab. Sidenreng Rappang,1.33538E+12,1.17452E+12,9.23717E+11,7.95874E+11,1.44026E+11,1.30904E+11,71131612000,0.155920217,0.164478085,0.107854018,0.111452834
992914,Kab. Soppeng,1.21446E+12,1.00125E+12,9.90896E+11,8.9898E+11,1.26664E+11,45419427780,51521391415,0.127827566,0.050523277,0.104296519,0.045362888
992871,Kab. Takalar,1.15702E+12,1.0543E+12,9.34385E+11,8.39466E+11,1.60857E+11,1.60857E+11,5973185800,0.172153069,0.191618501,0.139026893,0.152572621
992782,Kab. Tana Toraja,1.18602E+12,1.0898E+12,9.66515E+11,8.46393E+11,1.2856E+11,1.16346E+11,1.07399E+11,0.133013901,0.137460852,0.108396554,0.106759424
992757,Kab. Wajo,1.58107E+12,1.30622E+12,1.30958E+12,1.1319E+12,1.44509E+11,1.15188E+11,52764409614,0.110347712,0.101765351,0.091400041,0.088184018
992956,Kota Pare0pare,9.20963E+11,8.07121E+11,6.23354E+11,5.43928E+11,1.65913E+11,1.3732E+11,8359222870,0.266161875,0.252459225,0.180151524,0.170135224
992942,Kota Makassar,4.21887E+12,3.55812E+12,1.85245E+12,1.70428E+12,1.7494E+12,1.06641E+12,2.70889E+11,0.94437082,0.625721626,0.414661489,0.299710578
975327,Kab. Toraja Utara,1.17762E+12,8.29726E+11,9.26933E+11,8.18427E+11,59500000000,44625000000,11000000000,0.064190204,0.054525316,0.050525427,0.053782788
993106,Provinsi Sulawesi Tenggara,#N/A,#N/A,#N/A,#N/A,#N/A,#N/A,#N/A,#N/A,#N/A,#N/A,#N/A
993127,Kab. Buton,1.02564E+12,9.08814E+11,7.66534E+11,6.6018E+11,26990000000,20020000000,33709830000,0.035210448,0.030325041,0.026315333,0.0220287
993110,Kab. Konawe,0,1.48249E+12,1.33919E+12,1.19355E+12,1.18765E+11,1.04648E+11,99695810150,0.088684089,0.087677932,#DIV/0!,0.070589487
993148,Kab. Kolaka,0,1.23563E+12,1.02584E+12,9.55515E+11,1.80644E+11,1.32755E+11,0,0.17609255,0.138935906,#DIV/0!,0.107439196
993131,Kab. Muna,1.27796E+12,0,0,0,0,0,0,#DIV/0!,#DIV/0!,0,#DIV/0!
993326,Kota Kendari,1.60535E+12,1.2432E+12,9.43662E+11,8.4361E+11,4.76628E+11,4.76628E+11,51388506500,0.505083585,0.56498681,0.296900104,0.383388546
994782,Kota Bau0bau,9.88895E+11,7.75454E+11,7.14622E+11,6.36182E+11,1.12E+11,99619923891,92976965462,0.156726251,0.156590348,0.113257705,0.128466568
998304,Kab. Konawe Selatan,1.61311E+12,1.15502E+12,1.37156E+12,1.21606E+12,66194958213,66194958213,14256923625,0.0482624,0.054433776,0.04103551,0.057310791
987642,Kab. Bombana,1.14718E+12,1.02031E+12,9.37298E+11,8.83473E+11,69314220003,66972381771,48622867346,0.073951085,0.075805774,0.060421262,0.065639191
987638,Kab. Wakatobi,9.40122E+11,8.34491E+11,8.17567E+11,7.14574E+11,35580061342,33221392696,15000000000,0.04351945,0.046491162,0.037846208,0.03981037
987443,Kab. Kolaka Utara,1.05788E+12,6.50246E+11,8.40904E+11,7.41266E+11,45948303727,33081364269,24179109426,0.054641567,0.04462821,0.043434513,0.05087512
963364,Kab. Konawe Utara,9.70916E+11,8.62354E+11,6.76855E+11,5.80462E+11,66592953942,66592953942,3951547000,0.098385871,0.114723974,0.068587732,0.077222305
963370,Kab. Buton Utara,7.07438E+11,6.19403E+11,6.47199E+11,5.59837E+11,20623452020,20623452020,0,0.031865711,0.036838306,0.029152294,0.033295673
999014,Kab. Konawe Kepulauan,0,4.7992E+11,5.3582E+11,4.46378E+11,10660300000,10660300000,0,0.019895308,0.0238818,#DIV/0!,0.02221266
999012,Kab. Kolaka Timur,0,5.79781E+11,7.49575E+11,6.43399E+11,22204997337,22144997337,1.38267E+11,0.029623443,0.034418774,#DIV/0!,0.038195458
999915,Kab. Muna Barat,6.61728E+11,6.60653E+11,6.11535E+11,6.11535E+11,19296434188,19296434188,14385751100,0.031554092,0.031554092,0.029160672,0.029208122
999016,Kab. Buton Tengah,6.8901E+11,5.75341E+11,6.25218E+11,5.2323E+11,18014572359,10930358225,4000000000,0.028813263,0.020890155,0.026145582,0.018998042
999017,Kab. Buton Selatan,7.79254E+11,4.37213E+11,6.00813E+11,5.47075E+11,7420250000,2547500000,93171608443,0.012350345,0.004656584,0.009522246,0.005826678
992274,Provinsi Bali,#N/A,#N/A,#N/A,#N/A,#N/A,#N/A,#N/A,#N/A,#N/A,#N/A,#N/A
992342,Kab. Badung,6.30235E+12,4.15542E+12,7.38022E+11,6.95375E+11,5.30307E+12,3.4349E+12,2.70909E+11,7.185515706,4.939639707,0.841442841,0.826607762
992338,Kab. Bangli,1.23389E+12,0,0,0,0,0,0,#DIV/0!,#DIV/0!,0,#DIV/0!
992281,Kab. Buleleng,0,2.00514E+12,1.50341E+12,1.32608E+12,4.02218E+11,2.89445E+11,59795877000,0.267536353,0.218271697,#DIV/0!,0.144351573
992317,Kab. Gianyar,3.11995E+12,2.29781E+12,1.17448E+12,1.06595E+12,1.23025E+12,7.21612E+11,0,1.047491752,0.676969613,0.394317668,0.314043678
992295,Kab. Jembrana,1.27122E+12,9.81782E+11,7.2219E+11,6.22495E+11,1.41546E+11,1.26441E+11,29267513829,0.195994836,0.203119814,0.111346127,0.128787279
992321,Kab. Karangasem,1.71342E+12,0,0,0,0,0,0,#DIV/0!,#DIV/0!,0,#DIV/0!
992300,Kab. Klungkung,1.35609E+12,9.75507E+11,8.12402E+11,7.24227E+11,2.48625E+11,2.08305E+11,60446930461,0.30603763,0.287623441,0.183340098,0.213534757
992359,Kab. Tabanan,2.18986E+12,1.65377E+12,1.62186E+12,1.36974E+12,4.50405E+11,3.03607E+11,58479077800,0.277708808,0.221652595,0.205677393,0.183585188
992363,Kota Denpasar,2.43767E+12,1.89644E+12,1.02105E+12,9.32281E+11,9.42367E+11,5.87243E+11,49901729000,0.922940292,0.629899153,0.386584782,0.309655921
992370,Provinsi Nusa Tenggara Barat,#N/A,#N/A,#N/A,#N/A,#N/A,#N/A,#N/A,#N/A,#N/A,#N/A,#N/A
992410,Kab. Bima,1.93146E+12,1.38556E+12,1.7372E+12,1.61598E+12,1.53602E+11,1.53602E+11,31317154800,0.088419001,0.095052094,0.079526381,0.110858822
992431,Kab. Dompu,1.19749E+12,1.05102E+12,8.41677E+11,7.25575E+11,1.0935E+11,1.0041E+11,62062738835,0.12991862,0.138387111,0.091315486,0.095535921
992384,Kab. Lombok Barat,1.99128E+12,1.71543E+12,1.41428E+12,1.24211E+12,2.74457E+11,1.81441E+11,72522088231,0.19406055,0.146075347,0.137829633,0.105769945
992391,Kab. Lombok Tengah,2.34473E+12,2.07224E+12,1.64081E+12,1.43919E+12,2.25843E+11,1.79528E+11,59308460017,0.137640757,0.124742172,0.096319384,0.086634554
992406,Kab. Lombok Timur,2.80565E+12,2.0752E+12,1.81848E+12,1.61123E+12,3.22941E+11,3.19084E+11,1.367E+11,0.177588099,0.198037505,0.115103866,0.153760193
992427,Kab. Sumbawa,1.85642E+12,1.40386E+12,1.46003E+12,1.24836E+12,1.7183E+11,1.49276E+11,1.10409E+11,0.11768983,0.119577641,0.092560122,0.106332268
992448,Kota Mataram,1.52502E+12,1.00203E+12,8.7639E+11,8.0814E+11,4.15E+11,2.44577E+11,1.40419E+11,0.473533225,0.302641512,0.272127771,0.244081493
997625,Kota Bima,9.18434E+11,7.3231E+11,6.75784E+11,5.79051E+11,62007142945,46527741732,0,0.091755906,0.080351765,0.067513992,0.06353562
987450,Kab. Sumbawa Barat,1.07693E+12,8.88848E+11,9.0871E+11,7.66732E+11,76739053980,73714478700,44109041600,0.084448356,0.096141074,0.071257465,0.082932567
975477,Kab. Lombok Utara,1.0877E+12,9.10595E+11,7.4106E+11,7.4106E+11,2.2056E+11,2.2056E+11,77038430079,0.297627277,0.297627277,0.202776518,0.242214758
992452,Provinsi Nusa Tenggara Timur,#N/A,#N/A,#N/A,#N/A,#N/A,#N/A,#N/A,#N/A,#N/A,#N/A,#N/A
992502,Kab. Alor,1.18037E+12,1.06041E+12,1.07184E+12,9.33229E+11,65926304605,65926304605,15805891368,0.061507351,0.070643227,0.055852105,0.062170442
992473,Kab. Belu,1.10068E+12,9.71467E+11,9.41311E+11,8.29851E+11,1.01799E+11,85865629496,0,0.108145764,0.103471142,0.092487183,0.088387615
992537,Kab. Ende,1.28788E+12,1.08639E+12,1.17452E+12,1.0334E+12,90000000000,85507287700,55228588228,0.076627062,0.08274363,0.069882484,0.07870805
992520,Kab. Flores Timur,1.16457E+12,1.07216E+12,1.05682E+12,9.6471E+11,77253999180,66761612484,14000000000,0.073100624,0.069203807,0.06633678,0.062268249
992469,Kab. Kupang,1.36159E+12,1.16552E+12,1.15455E+12,9.84828E+11,89576128268,68726857138,26498929016,0.077585359,0.06978562,0.065787756,0.058966743
980379,Kab. Lembata,9.67172E+11,8.77595E+11,8.1137E+11,7.38976E+11,1.0094E+11,94311507923,0,0.124407416,0.127624573,0.104366571,0.107465813
992558,Kab. Manggarai,1.27532E+12,1.10885E+12,1.08337E+12,9.48576E+11,1.03099E+11,92240366943,20352280818,0.095165753,0.097240885,0.080841716,0.083185954
992541,Kab. Ngada,9.25678E+11,8.3864E+11,7.98553E+11,6.94243E+11,71453132203,64236371390,69420724350,0.089478282,0.092527268,0.077190032,0.076595904
992516,Kab. Sikka,1.28135E+12,1.0225E+12,8.79581E+11,7.51932E+11,1.14234E+11,91010870243,54921336476,0.129872982,0.12103607,0.089151165,0.089007947
992579,Kab. Sumba Barat,8.23774E+11,6.92991E+11,6.96338E+11,5.95153E+11,92808668234,64528007106,33183571304,0.133281124,0.108422593,0.112662742,0.093115174
992562,Kab. Sumba Timur,1.32604E+12,1.11791E+12,1.12888E+12,9.59482E+11,1.0866E+11,97410838641,0,0.096255061,0.101524376,0.08194346,0.087136315
992494,Kab. Timor Tengah Selatan,1.65597E+12,1.05606E+12,1.13728E+12,9.79919E+11,96620751544,57972450926,33500000000,0.084957634,0.059160442,0.058346913,0.054894843
992480,Kab. Timor Tengah Utara,1.2324E+12,1.1443E+12,1.02562E+12,9.03144E+11,63940847451,63564768169,33467222131,0.062343729,0.07038166,0.051883324,0.055548878
993368,Kota Kupang,1.23055E+12,1.07009E+12,8.89193E+11,8.02608E+11,2E+11,1.5135E+11,42240198400,0.224923097,0.188573102,0.162528554,0.141437184
997578,Kab. Rote Ndao,8.526E+11,7.11459E+11,7.6099E+11,6.31094E+11,31170294897,25923971852,0,0.040960214,0.041077801,0.036559089,0.036437759
998510,Kab. Manggarai Barat,1.37583E+12,1.15064E+12,1.01472E+12,9.21313E+11,2.30443E+11,97138524170,80795575118,0.227099519,0.105434884,0.167493648,0.08442119
963430,Kab. Nagekeo,8.73469E+11,7.2961E+11,7.79612E+11,6.47157E+11,35355123188,25781586500,0,0.045349651,0.039838242,0.040476673,0.035336096
963446,Kab. Sumba Barat Daya,1.15646E+12,1.06114E+12,9.77849E+11,8.69158E+11,48265164983,45820277487,0,0.049358495,0.052717998,0.041735243,0.043180395
963452,Kab. Sumba Tengah,6.68351E+11,5.4431E+11,5.99733E+11,5.01661E+11,33202617103,30702617103,35000000000,0.05536234,0.061201907,0.049678437,0.056406502
975911,Kab. Manggarai Timur,1.20676E+12,9.98816E+11,8.31021E+11,6.82077E+11,74227802711,43984610243,40458653919,0.089321216,0.064486311,0.061510164,0.044036749
978542,Kab. Sabu Raijua,8.39754E+11,7.62884E+11,5.35209E+11,4.70716E+11,72107857937,66858036137,66965032270,0.134728308,0.142034868,0.08586779,0.087638528
999007,Kab. Malaka,9.05362E+11,7.96484E+11,7.5537E+11,6.61205E+11,53035519937,47980131007,16604919458,0.070211345,0.072564639,0.058579353,0.060239885
993152,Provinsi Maluku,#N/A,#N/A,#N/A,#N/A,#N/A,#N/A,#N/A,#N/A,#N/A,#N/A,#N/A
980358,Kab. Maluku Tenggara Barat,1.13109E+12,9.62445E+11,8.76511E+11,7.32831E+11,49855917329,32142936846,39344439901,0.056879962,0.043861295,0.044077802,0.033397153
993169,Kab. Maluku Tengah,1.8364E+12,1.78002E+12,1.43676E+12,1.23684E+12,83302557000,83302557000,56060673000,0.057979542,0.067351313,0.045361777,0.046798763
993173,Kab. Maluku Tenggara,1.04345E+12,8.97807E+11,8.01222E+11,6.65609E+11,55114847000,50475847000,31592221973,0.068788522,0.075834035,0.052819744,0.056221297
980362,Kab. Buru,1.0622E+12,0,0,0,0,0,0,#DIV/0!,#DIV/0!,0,#DIV/0!
993202,Kota Ambon,1.32926E+12,1.05671E+12,9.06564E+11,8.09162E+11,1.9523E+11,1.36661E+11,59205406565,0.215351987,0.168892474,0.146871306,0.129326792
987439,Kab. Seram Bagian Barat,1.12489E+12,7.68499E+11,8.8465E+11,7.35794E+11,35680907869,23050000000,43919840000,0.040333339,0.031326689,0.031719596,0.02999354
987422,Kab. Seram Bagian Timur,9.87478E+11,7.79306E+11,9.2225E+11,7.93248E+11,23161146275,3072212948,9259261930,0.025113741,0.003872952,0.023454842,0.003942241
987621,Kab. Kepulauan Aru,1.01043E+12,8.80525E+11,8.66548E+11,7.60208E+11,1.22908E+11,1.04708E+11,0,0.14183694,0.1377367,0.121640332,0.118915937
976061,Kota Tual,6.22908E+11,0,0,0,0,0,0,#DIV/0!,#DIV/0!,0,#DIV/0!
975772,Kab. Maluku Barat Daya,1.20159E+12,1.07936E+12,9.38762E+11,7.91782E+11,1.47655E+11,1.41655E+11,17857995000,0.157287093,0.178906458,0.122882831,0.1312396
975622,Kab. Buru Selatan,7.62206E+11,6.44184E+11,6.79879E+11,5.88985E+11,32285295000,16142647500,27233318000,0.047486832,0.027407553,0.042357719,0.025059069
993216,Provinsi Papua,#N/A,#N/A,#N/A,#N/A,#N/A,#N/A,#N/A,#N/A,#N/A,#N/A,#N/A
993237,Kab. Biak Numfor,1.44879E+12,0,0,0,0,0,0,#DIV/0!,#DIV/0!,0,#DIV/0!
993220,Kab. Jayapura,1.43011E+12,1.1969E+12,1.10083E+12,9.50686E+11,1.76035E+11,1.105E+11,46641606547,0.159910802,0.116231915,0.123091525,0.0923216
993290,Kab. Jayawijaya,1.51209E+12,1.10139E+12,1.31128E+12,1.15369E+12,64601685042,38773314881,1.84547E+11,0.049266034,0.033608061,0.042723573,0.035204142
993283,Kab. Merauke,2.3786E+12,2.04924E+12,1.66614E+12,1.41382E+12,1.70402E+11,1.2531E+11,50384540000,0.102273484,0.088632336,0.071639846,0.061149447
993401,Kab. Mimika,4.35149E+12,3.58426E+12,3.10809E+12,2.25324E+12,3.71656E+11,3.35931E+11,0,0.119576946,0.149087871,0.085408823,0.093723885
993305,Kab. Nabire,0,8.46802E+11,1.21561E+12,1.04277E+12,74677958520,54000000000,75521319690,0.06143234,0.051785028,#DIV/0!,0.063769324
993393,Kab. Paniai,1.31635E+12,1.21778E+12,1.07521E+12,9.99591E+11,24973021134,24973021134,30000000000,0.023226256,0.024983235,0.018971358,0.020507028
993389,Kab. Puncak Jaya,1.40979E+12,0,0,0,0,0,0,#DIV/0!,#DIV/0!,0,#DIV/0!
993258,Kab. Kepulauan Yapen,0,0,0,0,0,0,0,#DIV/0!,#DIV/0!,#DIV/0!,#DIV/0!
993312,Kota Jayapura,1.3719E+12,1.20691E+12,9.39581E+11,8.1278E+11,2.4357E+11,1.4357E+11,38057835475,0.259232901,0.176641117,0.177542885,0.118956658
998392,Kab. Sarmi,1.11787E+12,0,0,0,0,0,0,#DIV/0!,#DIV/0!,0,#DIV/0!
998400,Kab. Keerom,1.09501E+12,7.49059E+11,7.61544E+11,6.06345E+11,33721943638,24241827188,44184229548,0.044281024,0.039980267,0.030796098,0.032363031
998477,Kab. Yahukimo,1.62504E+12,0,0,0,0,0,0,#DIV/0!,#DIV/0!,0,#DIV/0!
998421,Kab. Pegunungan Bintang,1.58492E+12,1.42327E+12,1.49004E+12,1.32127E+12,24416429921,24416429921,21000000000,0.016386392,0.018479509,0.015405447,0.017155129
998414,Kab. Tolikara,1.65568E+12,0,0,0,0,0,0,#DIV/0!,#DIV/0!,0,#DIV/0!
998388,Kab. Boven Digoel,1.32219E+12,1.1651E+12,1.06351E+12,9.34632E+11,33868233399,33868233399,20000000000,0.031845737,0.036236981,0.025615265,0.029068908
998367,Kab. Mappi,0,0,0,0,0,0,0,#DIV/0!,#DIV/0!,#DIV/0!,#DIV/0!
998371,Kab. Asmat,1.64253E+12,9.40471E+11,1.45676E+12,1.30041E+12,1.08265E+11,46888853864,30046810697,0.074318768,0.036057022,0.065913526,0.049856786
998460,Kab. Waropen,0,0,0,0,0,0,0,#DIV/0!,#DIV/0!,#DIV/0!,#DIV/0!
987511,Kab. Supiori,8.15742E+11,0,0,0,0,0,0,#DIV/0!,#DIV/0!,0,#DIV/0!
963461,Kab. Mamberamo Raya,1.29063E+12,0,0,0,0,0,0,#DIV/0!,#DIV/0!,0,#DIV/0!
976219,Kab. Mamberamo Tengah,1.05681E+12,0,0,0,0,0,0,#DIV/0!,#DIV/0!,0,#DIV/0!
976369,Kab. Yalimo,0,0,0,0,0,0,0,#DIV/0!,#DIV/0!,#DIV/0!,#DIV/0!
976514,Kab. Lanny Jaya,1.41118E+12,1.09998E+12,1.20823E+12,1.08761E+12,22927720000,21927720000,99500000000,0.018976256,0.020161337,0.016247234,0.01993464
976664,Kab. Nduga,1.16842E+12,8.17077E+11,1.0677E+12,9.19434E+11,27080919342,27080919342,8000000000,0.025363787,0.029453895,0.023177405,0.033143648
976962,Kab. Dogiyai,1.03987E+12,9.41746E+11,7.33634E+11,6.74345E+11,9700565977,9700565977,34748787750,0.013222627,0.014385159,0.009328658,0.010300624
976812,Kab. Puncak,1.70371E+12,0,0,0,0,0,0,#DIV/0!,#DIV/0!,0,#DIV/0!
978567,Kab. Intan Jaya,0,0,0,0,0,0,0,#DIV/0!,#DIV/0!,#DIV/0!,#DIV/0!
978573,Kab. Deiyai,8.74758E+11,7.70261E+11,8.00179E+11,7.46282E+11,1000000000,1000000000,33121346075,0.00124972,0.001339976,0.001143173,0.001298261
980011,Provinsi Maluku Utara,#N/A,#N/A,#N/A,#N/A,#N/A,#N/A,#N/A,#N/A,#N/A,#N/A,#N/A
993194,Kab. Halmahera Tengah,1.07137E+12,9.76945E+11,6.48282E+11,5.72781E+11,53511968000,41989518299,23855240000,0.082544255,0.073308102,0.049947372,0.042980427
980028,Kota Ternate,1.13376E+12,1.00494E+12,8.36778E+11,7.63016E+11,1.13988E+11,79079442000,0,0.136222682,0.103640569,0.100539671,0.078690378
993180,Kab. Halmahera Barat,1.10104E+12,9.36587E+11,9.09705E+11,8.02293E+11,1.4822E+11,1.4822E+11,0,0.162932038,0.184745589,0.134617746,0.158255522
998346,Kab. Halmahera Timur,1.13257E+12,8.8383E+11,7.25919E+11,6.11086E+11,69914531719,57370847919,16726091700,0.096311819,0.093883401,0.061730714,0.064911658
998325,Kab. Halmahera Selatan,1.56237E+12,1.3639E+12,1.38383E+12,1.2788E+12,1.00416E+11,71654756744,22117375148,0.072564107,0.056032747,0.064271636,0.05253681
998311,Kab. Halmahera Utara,1.21188E+12,1.20447E+12,7.22889E+11,7.22889E+11,2.02698E+11,2.02698E+11,36112132500,0.280399949,0.280399949,0.167258545,0.168287531
998332,Kab. Kepulauan Sula,8.3296E+11,7.30363E+11,7.39663E+11,6.61115E+11,27321251700,16392751020,43542679500,0.036937421,0.02479562,0.032800191,0.022444651
998350,Kota Tidore Kepulauan,9.43003E+11,8.52071E+11,8.5767E+11,7.64546E+11,46113789883,46113789883,2.11446E+11,0.053766373,0.060315293,0.048901006,0.054119625
978551,Kab. Pulau Morotai,8.99546E+11,7.76096E+11,7.42349E+11,6.88502E+11,1.2531E+11,40173505420,52062363370,0.168802618,0.058349142,0.139304052,0.051763603
999010,Kab. Pulau Taliabu,6.95102E+11,6.89102E+11,5.87668E+11,5.87668E+11,72434000000,72434000000,36019374748,0.123256728,0.123256728,0.104206331,0.105113654
993809,Provinsi Banten,#N/A,#N/A,#N/A,#N/A,#N/A,#N/A,#N/A,#N/A,#N/A,#N/A,#N/A
990917,Kab. Lebak,2.79031E+12,2.59445E+12,1.98609E+12,1.73664E+12,3.84895E+11,3.7538E+11,67101276180,0.193795631,0.216152545,0.137939789,0.14468579
990900,Kab. Pandeglang,2.79433E+12,2.58746E+12,2.10127E+12,1.90543E+12,2.40869E+11,2.03107E+11,55000000000,0.114629988,0.106593603,0.086199118,0.078496819
990895,Kab. Serang,3.04739E+12,0,0,0,0,0,0,#DIV/0!,#DIV/0!,0,#DIV/0!
990921,Kab. Tangerang,6.21719E+12,5.13774E+12,2.94114E+11,2.91455E+11,2.75779E+12,1.69229E+12,3E+11,9.376607405,5.806331214,0.443574472,0.32938325
980049,Kota Cilegon,2.02584E+12,1.60736E+12,8.87571E+11,8.4791E+11,7.27097E+11,4.81472E+11,0,0.819198863,0.567833782,0.358911604,0.299541418
991134,Kota Tangerang,5.16002E+12,3.72541E+12,2.20047E+12,2.09463E+12,2.37789E+12,1.19157E+12,13000000000,1.080626818,0.568867095,0.46082989,0.319848746
975461,Kota Serang,1.4249E+12,1.37131E+12,9.43152E+11,8.41052E+11,2.00812E+11,1.72612E+11,88000000000,0.212915741,0.205233238,0.14093099,0.125873753
978454,Kota Tangerang Selatan,4.08763E+12,3.23848E+12,9.18209E+11,9.20186E+11,2.00019E+12,1.39124E+12,2.57803E+11,2.17836159,1.511916878,0.48932814,0.429597727
993813,Provinsi Bangka Belitung,#N/A,#N/A,#N/A,#N/A,#N/A,#N/A,#N/A,#N/A,#N/A,#N/A,#N/A
990629,Kab. Bangka,1.00103E+12,1.1499E+12,7.38786E+11,8.46119E+11,1.34321E+11,88541151700,0,0.181812926,0.104643887,0.134182708,0.076998797
990612,Kab. Belitung,1.21135E+12,0,0,0,0,0,0,#DIV/0!,#DIV/0!,0,#DIV/0!
990701,Kota Pangkal Pinang,8.7112E+11,8.2269E+11,5.24822E+11,5.62256E+11,1.58173E+11,1.3159E+11,45096737925,0.301383154,0.234039794,0.181573798,0.15995133
998189,Kab. Bangka Selatan,9.97723E+11,7.8403E+11,7.53039E+11,6.34762E+11,65438334386,50148600496,0,0.086898942,0.079003747,0.065587664,0.063962601
998172,Kab. Bangka Tengah,1.03397E+12,0,0,0,0,0,0,#DIV/0!,#DIV/0!,0,#DIV/0!
998168,Kab. Bangka Barat,1.09128E+12,9.35787E+11,7.82651E+11,6.9316E+11,72519688000,72519688000,25846745600,0.092659035,0.104621812,0.066453785,0.077495927
998193,Kab. Belitung Timur,9.63766E+11,8.43719E+11,6.61429E+11,5.7291E+11,1.22011E+11,89753461302,90520058052,0.18446553,0.15666236,0.126598037,0.106378441
993820,Provinsi Gorontalo,#N/A,#N/A,#N/A,#N/A,#N/A,#N/A,#N/A,#N/A,#N/A,#N/A,#N/A
980302,Kab. Boalemo,8.94699E+11,7.76715E+11,6.83252E+11,5.75735E+11,67337407165,67337407165,1.05636E+11,0.098554347,0.116959075,0.075262678,0.086695113
993038,Kab. Gorontalo,1.55911E+12,1.38194E+12,1.22614E+12,1.10412E+12,1.75766E+11,1.50639E+11,21647905584,0.143348981,0.136433798,0.112734791,0.109006094
993084,Kota Gorontalo,1.08208E+12,9.67261E+11,6.9901E+11,6.35849E+11,2.46961E+11,2.11886E+11,39404757442,0.353300862,0.33323279,0.228227009,0.219057414
998261,Kab. Pohuwato,1.09039E+12,9.27574E+11,9.49237E+11,8.34083E+11,73487998106,73487998106,30620094640,0.077417927,0.088106301,0.06739614,0.079226055
998278,Kab. Bone Bolango,1.08806E+12,9.1086E+11,8.99995E+11,8.00515E+11,1.04256E+11,77617080000,39025994647,0.115840841,0.096958908,0.095818841,0.085212941
963421,Kab. Gorontalo Utara,8.7045E+11,6.9033E+11,7.61498E+11,6.53719E+11,33293908018,25240641403,14640781124,0.043721582,0.038610866,0.03824909,0.036563157
998840,Provinsi Kepulauan Riau,#N/A,#N/A,#N/A,#N/A,#N/A,#N/A,#N/A,#N/A,#N/A,#N/A,#N/A
980121,Kab. Natuna,1.3552E+12,0,0,0,0,0,0,#DIV/0!,#DIV/0!,0,#DIV/0!
977412,Kab. Kepulauan Anambas,1.22836E+12,0,0,0,0,0,0,#DIV/0!,#DIV/0!,0,#DIV/0!
980117,Kab. Karimun,1.38482E+12,0,0,0,0,0,0,#DIV/0!,#DIV/0!,0,#DIV/0!
990523,Kota Batam,3.01389E+12,2.10064E+12,1.12225E+12,9.71531E+11,1.49954E+12,1.02327E+12,2.05816E+11,1.336187531,1.053258392,0.497541215,0.487123508
994708,Kota Tanjung Pinang,1.05098E+12,0,0,0,0,0,0,#DIV/0!,#DIV/0!,0,#DIV/0!
987464,Kab. Lingga,1.10743E+12,9.16953E+11,8.90958E+11,7.42731E+11,39422540000,41284085348,0,0.044247346,0.055584188,0.035598071,0.045023132
990480,Kab. Bintan,1.3652E+12,0,0,0,0,0,0,#DIV/0!,#DIV/0!,0,#DIV/0!
998854,Provinsi Papua Barat,#N/A,#N/A,#N/A,#N/A,#N/A,#N/A,#N/A,#N/A,#N/A,#N/A,#N/A
993279,Kab. Fak Fak,1.29825E+12,0,0,0,0,0,0,#DIV/0!,#DIV/0!,0,#DIV/0!
993241,Kab. Manokwari,1.46377E+12,0,0,0,0,0,0,#DIV/0!,#DIV/0!,0,#DIV/0!
993262,Kab. Sorong,1.86496E+12,0,0,0,0,0,0,#DIV/0!,#DIV/0!,0,#DIV/0!
980383,Kota Sorong,1.2272E+12,219850,0,131910,0,87940,0,#DIV/0!,0.666666667,0,0.4
998456,Kab. Raja Ampat,1.35E+12,1.20099E+12,1.10467E+12,1.15807E+12,95329466000,45329466000,1.00853E+11,0.08629674,0.039142299,0.070614419,0.037743388
998442,Kab. Sorong Selatan,1.08063E+12,0,0,0,0,0,0,#DIV/0!,#DIV/0!,0,#DIV/0!
998481,Kab. Teluk Bintuni,2.89159E+12,2.21059E+12,1.36478E+12,1.04872E+12,60000000000,60000000000,88260477000,0.043963246,0.057212607,0.02074985,0.027142102
998498,Kab. Teluk Wondama,2.17316E+12,8.18228E+11,7.37622E+11,5.92054E+11,34297000000,32078250000,45273699469,0.046496739,0.054181329,0.015782054,0.039204559
998435,Kab. Kaimana,1.2174E+12,8.60952E+11,9.38988E+11,7.72691E+11,28860702468,28330987468,1.29902E+11,0.030735969,0.036665344,0.023706805,0.032906586
978582,Kab. Maybrat,1.04978E+12,0,0,0,0,0,0,#DIV/0!,#DIV/0!,0,#DIV/0!
978598,Kab. Tambrauw,1.12864E+12,9.40162E+11,9.40895E+11,8.00136E+11,4369625373,1109665955,50000000000,0.004644117,0.001386847,0.003871571,0.001180293
999004,Kab. Manokwari Selatan,7.62649E+11,0,0,0,0,0,0,#DIV/0!,#DIV/0!,0,#DIV/0!
999005,Kab. Pegunungan Arfak,9.5828E+11,0,0,0,0,0,0,#DIV/0!,#DIV/0!,0,#DIV/0!
955383,Provinsi Sulawesi Barat,#N/A,#N/A,#N/A,#N/A,#N/A,#N/A,#N/A,#N/A,#N/A,#N/A,#N/A
992804,Kab. Majene,9.92122E+11,8.58012E+11,8.67921E+11,7.78349E+11,72270013436,67323741250,4029219688,0.083267937,0.086495601,0.07284386,0.07846478
992761,Kab. Mamuju,1.17866E+12,8.55271E+11,9.93921E+11,8.87164E+11,1.11995E+11,1.05037E+11,16442669421,0.112679847,0.1183968,0.095018768,0.122811863
992921,Kab. Polewali Mandar,1.5696E+12,1.27368E+12,1.29465E+12,1.15303E+12,1.79859E+11,1.71001E+11,1.32124E+11,0.13892459,0.148305212,0.114589376,0.13425705
997599,Kab. Mamasa,1.089E+12,7.06024E+11,9.66418E+11,8.369E+11,43985258914,32308180589,16235088058,0.045513684,0.038604582,0.040390466,0.045760747
998299,Kab. Mamuju Utara,9.35219E+11,8.58514E+11,8.36059E+11,7.62642E+11,44906520888,40546970816,36029130694,0.053712174,0.053166447,0.048017142,0.047229238
999008,Kab. Mamuju Tengah,7.41942E+11,5.70271E+11,6.49982E+11,5.43695E+11,33151439081,26521151265,22433876666,0.051003625,0.048779476,0.044681974,0.046506187
999001,Provinsi Kalimantan Utara,#N/A,#N/A,#N/A,#N/A,#N/A,#N/A,#N/A,#N/A,#N/A,#N/A,#N/A
992122,Kab. Bulungan,1.27391E+12,1.16171E+12,9.41486E+11,8.63592E+11,96733520000,88733520000,43913410911,0.102745522,0.102749354,0.075934274,0.076381791
980269,Kab. Malinau,1.52577E+12,1.32071E+12,1.39168E+12,1.34427E+12,72473031927,45181526657,1.50052E+11,0.052075831,0.033610502,0.047499313,0.034209901
980252,Kab. Nunukan,1.44994E+12,8.79978E+11,1.21025E+12,1.09799E+12,96151131107,91977851334,87350380456,0.079447124,0.083769345,0.066313755,0.104522845
941901,Kota Tarakan,1.09275E+12,9.33161E+11,7.64696E+11,6.7447E+11,1.10515E+11,60783363575,41045273282,0.144521688,0.090120213,0.101134941,0.065137033
975766,Kab. Tana Tidung,8.42141E+11,8.19735E+11,7.21041E+11,7.21041E+11,26160395712,26160395712,20622565697,0.036281421,0.036281421,0.031064144,0.031913225
